,,w,u,total_demand,served,un_served_demand,denied,los
28.0,128,0.0,0.0,0.0,0.0,0.0,0.0,0.0
28.0,4,0.0,0.0,4.0,0.0,4.0,0.0,0.0
28.0,261,0.0,0.0,5.0,0.0,5.0,0.0,0.0
28.0,262,0.0,0.0,58.0,0.0,58.0,0.0,0.0
28.0,263,0.0,0.0,60.0,0.0,60.0,0.0,0.0
28.0,137,0.0,0.0,48.0,0.0,48.0,0.0,0.0
28.0,12,0.0,0.0,0.0,0.0,0.0,0.0,0.0
28.0,13,0.0,0.0,28.0,0.0,28.0,0.0,0.0
28.0,140,0.0,0.0,48.0,0.0,48.0,0.0,0.0
28.0,141,0.0,0.0,77.0,0.0,77.0,0.0,0.0
28.0,142,0.0,0.0,55.0,0.0,55.0,0.0,0.0
28.0,143,0.0,0.0,29.0,0.0,29.0,0.0,0.0
28.0,144,0.0,0.0,3.0,0.0,3.0,0.0,0.0
28.0,148,0.0,0.0,7.0,0.0,7.0,0.0,0.0
28.0,151,0.0,0.0,29.0,0.0,29.0,0.0,0.0
28.0,24,0.0,0.0,12.0,0.0,12.0,0.0,0.0
28.0,152,0.0,0.0,1.0,0.0,1.0,0.0,0.0
28.0,158,0.0,0.0,14.0,0.0,14.0,0.0,0.0
28.0,161,0.0,0.0,62.0,0.0,62.0,0.0,0.0
28.0,162,0.0,0.0,55.0,0.0,55.0,0.0,0.0
28.0,163,0.0,0.0,30.0,0.0,30.0,0.0,0.0
28.0,164,0.0,0.0,30.0,0.0,30.0,0.0,0.0
28.0,166,0.0,0.0,8.0,0.0,8.0,0.0,0.0
28.0,41,0.0,0.0,10.0,0.0,10.0,0.0,0.0
28.0,42,0.0,0.0,9.0,0.0,9.0,0.0,0.0
28.0,43,0.0,0.0,15.0,0.0,15.0,0.0,0.0
28.0,170,0.0,0.0,80.0,0.0,80.0,0.0,0.0
28.0,45,0.0,0.0,0.0,0.0,0.0,0.0,0.0
28.0,48,0.0,0.0,101.0,0.0,101.0,0.0,0.0
28.0,50,0.0,0.0,28.0,0.0,28.0,0.0,0.0
28.0,186,0.0,0.0,184.0,0.0,184.0,0.0,0.0
28.0,194,0.0,0.0,0.0,0.0,0.0,0.0,0.0
28.0,68,0.0,0.0,45.0,0.0,45.0,0.0,0.0
28.0,74,0.0,0.0,20.0,0.0,20.0,0.0,0.0
28.0,75,0.0,0.0,19.0,0.0,19.0,0.0,0.0
28.0,79,0.0,0.0,34.0,0.0,34.0,0.0,0.0
28.0,209,0.0,0.0,1.0,0.0,1.0,0.0,0.0
28.0,211,0.0,0.0,6.0,0.0,6.0,0.0,0.0
28.0,87,0.0,0.0,16.0,0.0,16.0,0.0,0.0
28.0,88,0.0,0.0,7.0,0.0,7.0,0.0,0.0
28.0,90,0.0,0.0,38.0,0.0,38.0,0.0,0.0
28.0,224,0.0,0.0,17.0,0.0,17.0,0.0,0.0
28.0,100,0.0,0.0,118.0,0.0,118.0,0.0,0.0
28.0,229,0.0,0.0,45.0,0.0,45.0,0.0,0.0
28.0,230,0.0,0.0,29.0,0.0,29.0,0.0,0.0
28.0,231,0.0,0.0,30.0,0.0,30.0,0.0,0.0
28.0,232,0.0,0.0,2.0,0.0,2.0,0.0,0.0
28.0,233,0.0,0.0,42.0,0.0,42.0,0.0,0.0
28.0,234,0.0,0.0,39.0,0.0,39.0,0.0,0.0
28.0,107,0.0,0.0,59.0,0.0,59.0,0.0,0.0
28.0,236,0.0,0.0,94.0,0.0,94.0,0.0,0.0
28.0,237,0.0,0.0,64.0,0.0,64.0,0.0,0.0
28.0,238,0.0,0.0,50.0,0.0,50.0,0.0,0.0
28.0,239,0.0,0.0,47.0,0.0,47.0,0.0,0.0
28.0,113,0.0,0.0,32.0,0.0,32.0,0.0,0.0
28.0,114,0.0,0.0,8.0,0.0,8.0,0.0,0.0
28.0,243,0.0,0.0,0.0,0.0,0.0,0.0,0.0
28.0,116,0.0,0.0,6.0,0.0,6.0,0.0,0.0
28.0,244,0.0,0.0,2.0,0.0,2.0,0.0,0.0
28.0,246,0.0,0.0,11.0,0.0,11.0,0.0,0.0
28.0,120,0.0,0.0,0.0,0.0,0.0,0.0,0.0
28.0,249,0.0,0.0,27.0,0.0,27.0,0.0,0.0
28.0,125,0.0,0.0,6.0,0.0,6.0,0.0,0.0
28.0,127,0.0,0.0,0.0,0.0,0.0,0.0,0.0
29.0,128,0.0,0.0,0.0,0.0,0.0,0.0,0.0
29.0,4,1.0,1.0,4.0,1.0,3.0,2.0,0.25
29.0,261,0.0,0.0,5.0,5.0,0.0,0.0,1.0
29.0,262,6.0,1.0,58.0,52.0,6.0,0.0,0.896551724137931
29.0,263,0.0,11.0,60.0,60.0,0.0,0.0,1.0
29.0,137,0.0,10.0,48.0,48.0,0.0,0.0,1.0
29.0,12,0.0,0.0,0.0,0.0,0.0,0.0,0.0
29.0,13,6.0,0.0,28.0,18.0,10.0,4.0,0.6428571428571429
29.0,140,0.0,0.0,48.0,48.0,0.0,0.0,1.0
29.0,141,10.0,23.0,77.0,67.0,10.0,0.0,0.8701298701298701
29.0,142,0.0,9.0,55.0,55.0,0.0,0.0,1.0
29.0,143,8.0,6.0,29.0,21.0,8.0,0.0,0.7241379310344828
29.0,144,0.0,1.0,3.0,3.0,0.0,0.0,1.0
29.0,148,4.0,0.0,7.0,3.0,4.0,0.0,0.42857142857142855
29.0,151,6.0,3.0,29.0,23.0,6.0,0.0,0.7931034482758621
29.0,24,1.0,0.0,12.0,8.0,4.0,3.0,0.6666666666666666
29.0,152,0.0,0.0,1.0,0.0,1.0,1.0,0.0
29.0,158,0.0,3.0,14.0,9.0,5.0,5.0,0.6428571428571429
29.0,161,0.0,16.0,62.0,62.0,0.0,0.0,1.0
29.0,162,4.0,26.0,55.0,51.0,4.0,0.0,0.9272727272727272
29.0,163,0.0,15.0,30.0,30.0,0.0,0.0,1.0
29.0,164,6.0,13.0,30.0,24.0,6.0,0.0,0.8
29.0,166,4.0,0.0,8.0,4.0,4.0,0.0,0.5
29.0,41,0.0,2.0,10.0,10.0,0.0,0.0,1.0
29.0,42,1.0,0.0,9.0,8.0,1.0,0.0,0.8888888888888888
29.0,43,0.0,1.0,15.0,15.0,0.0,0.0,1.0
29.0,170,0.0,11.0,80.0,80.0,0.0,0.0,1.0
29.0,45,0.0,0.0,0.0,0.0,0.0,0.0,0.0
29.0,48,0.0,25.0,101.0,101.0,0.0,0.0,1.0
29.0,50,0.0,0.0,28.0,28.0,0.0,0.0,1.0
29.0,186,2.0,112.0,184.0,181.0,3.0,0.0,0.9836956521739131
29.0,194,0.0,0.0,0.0,0.0,0.0,0.0,0.0
29.0,68,9.0,22.0,45.0,36.0,9.0,0.0,0.8
29.0,74,3.0,0.0,20.0,16.0,4.0,1.0,0.8
29.0,75,0.0,6.0,19.0,19.0,0.0,0.0,1.0
29.0,79,10.0,0.0,34.0,24.0,10.0,0.0,0.7058823529411765
29.0,209,0.0,0.0,1.0,1.0,0.0,0.0,1.0
29.0,211,3.0,0.0,6.0,3.0,3.0,0.0,0.5
29.0,87,3.0,0.0,16.0,4.0,12.0,9.0,0.25
29.0,88,1.0,0.0,7.0,4.0,3.0,2.0,0.5714285714285714
29.0,90,0.0,15.0,38.0,38.0,0.0,0.0,1.0
29.0,224,3.0,0.0,17.0,13.0,4.0,1.0,0.7647058823529411
29.0,100,3.0,54.0,118.0,115.0,3.0,0.0,0.9745762711864406
29.0,229,0.0,10.0,45.0,45.0,0.0,0.0,1.0
29.0,230,0.0,19.0,29.0,29.0,0.0,0.0,1.0
29.0,231,7.0,5.0,30.0,23.0,7.0,0.0,0.7666666666666667
29.0,232,1.0,0.0,2.0,1.0,1.0,0.0,0.5
29.0,233,6.0,4.0,42.0,36.0,6.0,0.0,0.8571428571428571
29.0,234,5.0,14.0,39.0,34.0,5.0,0.0,0.8717948717948718
29.0,107,19.0,19.0,59.0,40.0,19.0,0.0,0.6779661016949152
29.0,236,20.0,23.0,94.0,74.0,20.0,0.0,0.7872340425531915
29.0,237,1.0,26.0,64.0,63.0,1.0,0.0,0.984375
29.0,238,0.0,4.0,50.0,50.0,0.0,0.0,1.0
29.0,239,8.0,15.0,47.0,39.0,8.0,0.0,0.8297872340425532
29.0,113,0.0,3.0,32.0,32.0,0.0,0.0,1.0
29.0,114,4.0,0.0,8.0,3.0,5.0,1.0,0.375
29.0,243,0.0,0.0,0.0,0.0,0.0,0.0,0.0
29.0,116,4.0,0.0,6.0,1.0,5.0,1.0,0.16666666666666666
29.0,244,2.0,0.0,2.0,0.0,2.0,0.0,0.0
29.0,246,0.0,2.0,11.0,11.0,0.0,0.0,1.0
29.0,120,0.0,0.0,0.0,0.0,0.0,0.0,0.0
29.0,249,0.0,13.0,27.0,27.0,0.0,0.0,1.0
29.0,125,2.0,2.0,6.0,4.0,2.0,0.0,0.6666666666666666
29.0,127,0.0,0.0,0.0,0.0,0.0,0.0,0.0
30.0,128,0.0,0.0,0.0,0.0,0.0,0.0,0.0
30.0,4,0.0,1.0,3.0,2.0,1.0,2.0,0.6666666666666666
30.0,261,0.0,0.0,8.0,5.0,3.0,3.0,0.625
30.0,262,4.0,4.0,80.0,80.0,0.0,0.0,1.0
30.0,263,0.0,34.0,74.0,74.0,0.0,0.0,1.0
30.0,137,5.0,6.0,48.0,43.0,5.0,0.0,0.8958333333333334
30.0,12,0.0,0.0,0.0,0.0,0.0,0.0,0.0
30.0,13,9.0,0.0,35.0,30.0,5.0,1.0,0.8571428571428571
30.0,140,0.0,15.0,44.0,44.0,0.0,0.0,1.0
30.0,141,8.0,28.0,86.0,87.0,-1.0,0.0,1.0116279069767442
30.0,142,14.0,30.0,66.0,52.0,14.0,0.0,0.7878787878787878
30.0,143,1.0,0.0,42.0,48.0,-6.0,0.0,1.1428571428571428
30.0,144,1.0,0.0,7.0,6.0,1.0,0.0,0.8571428571428571
30.0,148,2.0,0.0,8.0,5.0,3.0,5.0,0.625
30.0,151,0.0,17.0,24.0,28.0,-4.0,0.0,1.1666666666666667
30.0,24,1.0,4.0,7.0,7.0,0.0,0.0,1.0
30.0,152,0.0,0.0,4.0,0.0,4.0,4.0,0.0
30.0,158,5.0,8.0,16.0,11.0,5.0,0.0,0.6875
30.0,161,3.0,22.0,38.0,35.0,3.0,0.0,0.9210526315789473
30.0,162,8.0,39.0,87.0,80.0,7.0,0.0,0.9195402298850575
30.0,163,1.0,14.0,22.0,21.0,1.0,0.0,0.9545454545454546
30.0,164,2.0,11.0,26.0,30.0,-4.0,0.0,1.1538461538461537
30.0,166,0.0,4.0,4.0,6.0,-2.0,2.0,1.5
30.0,41,4.0,1.0,12.0,8.0,4.0,0.0,0.6666666666666666
30.0,42,1.0,0.0,6.0,5.0,1.0,1.0,0.8333333333333334
30.0,43,0.0,8.0,23.0,23.0,0.0,0.0,1.0
30.0,170,0.0,44.0,84.0,84.0,0.0,0.0,1.0
30.0,45,1.0,0.0,1.0,0.0,1.0,0.0,0.0
30.0,48,2.0,43.0,98.0,96.0,2.0,0.0,0.9795918367346939
30.0,50,2.0,16.0,27.0,25.0,2.0,0.0,0.9259259259259259
30.0,186,13.0,64.0,155.0,142.0,13.0,0.0,0.9161290322580645
30.0,194,0.0,0.0,0.0,0.0,0.0,0.0,0.0
30.0,68,3.0,20.0,51.0,57.0,-6.0,0.0,1.1176470588235294
30.0,74,0.0,4.0,21.0,24.0,-3.0,0.0,1.1428571428571428
30.0,75,4.0,0.0,31.0,27.0,4.0,0.0,0.8709677419354839
30.0,79,10.0,0.0,42.0,41.0,1.0,0.0,0.9761904761904762
30.0,209,1.0,0.0,2.0,1.0,1.0,0.0,0.5
30.0,211,0.0,0.0,4.0,2.0,2.0,5.0,0.5
30.0,87,5.0,0.0,16.0,11.0,5.0,0.0,0.6875
30.0,88,1.0,0.0,6.0,6.0,0.0,0.0,1.0
30.0,90,3.0,8.0,39.0,36.0,3.0,0.0,0.9230769230769231
30.0,224,5.0,5.0,14.0,12.0,2.0,0.0,0.8571428571428571
30.0,100,11.0,62.0,123.0,112.0,11.0,0.0,0.9105691056910569
30.0,229,6.0,27.0,49.0,43.0,6.0,0.0,0.8775510204081632
30.0,230,8.0,24.0,36.0,28.0,8.0,0.0,0.7777777777777778
30.0,231,7.0,0.0,42.0,42.0,0.0,0.0,1.0
30.0,232,0.0,0.0,1.0,2.0,-1.0,0.0,2.0
30.0,233,0.0,9.0,31.0,36.0,-5.0,0.0,1.1612903225806452
30.0,234,8.0,21.0,42.0,35.0,7.0,0.0,0.8333333333333334
30.0,107,14.0,25.0,76.0,80.0,-4.0,0.0,1.0526315789473684
30.0,236,0.0,49.0,99.0,118.0,-19.0,0.0,1.1919191919191918
30.0,237,0.0,55.0,85.0,85.0,0.0,0.0,1.0
30.0,238,0.0,19.0,51.0,51.0,0.0,0.0,1.0
30.0,239,2.0,15.0,46.0,51.0,-5.0,0.0,1.108695652173913
30.0,113,8.0,16.0,30.0,22.0,8.0,0.0,0.7333333333333333
30.0,114,0.0,0.0,11.0,13.0,-2.0,2.0,1.1818181818181819
30.0,243,0.0,0.0,0.0,0.0,0.0,0.0,0.0
30.0,116,3.0,0.0,6.0,1.0,5.0,6.0,0.16666666666666666
30.0,244,0.0,0.0,5.0,1.0,4.0,6.0,0.2
30.0,246,0.0,1.0,14.0,14.0,0.0,0.0,1.0
30.0,120,0.0,0.0,0.0,0.0,0.0,0.0,0.0
30.0,249,6.0,10.0,39.0,33.0,6.0,0.0,0.8461538461538461
30.0,125,2.0,3.0,7.0,7.0,0.0,0.0,1.0
30.0,127,0.0,0.0,0.0,0.0,0.0,0.0,0.0
31.0,128,0.0,0.0,0.0,0.0,0.0,0.0,0.0
31.0,4,4.0,0.0,10.0,3.0,7.0,3.0,0.3
31.0,261,0.0,0.0,6.0,6.0,0.0,0.0,1.0
31.0,262,3.0,20.0,80.0,79.0,1.0,0.0,0.9875
31.0,263,3.0,29.0,71.0,68.0,3.0,0.0,0.9577464788732394
31.0,137,6.0,23.0,54.0,51.0,3.0,0.0,0.9444444444444444
31.0,12,0.0,0.0,1.0,0.0,1.0,1.0,0.0
31.0,13,3.0,8.0,18.0,17.0,1.0,6.0,0.9444444444444444
31.0,140,15.0,10.0,71.0,56.0,15.0,0.0,0.7887323943661971
31.0,141,7.0,24.0,73.0,72.0,1.0,0.0,0.9863013698630136
31.0,142,7.0,17.0,74.0,80.0,-6.0,0.0,1.0810810810810811
31.0,143,0.0,1.0,42.0,43.0,-1.0,0.0,1.0238095238095237
31.0,144,1.0,5.0,2.0,2.0,0.0,0.0,1.0
31.0,148,5.0,0.0,19.0,6.0,13.0,10.0,0.3157894736842105
31.0,151,2.0,0.0,29.0,27.0,2.0,0.0,0.9310344827586207
31.0,24,0.0,3.0,10.0,10.0,0.0,0.0,1.0
31.0,152,0.0,1.0,7.0,5.0,2.0,2.0,0.7142857142857143
31.0,158,1.0,4.0,14.0,17.0,-3.0,0.0,1.2142857142857142
31.0,161,0.0,14.0,56.0,56.0,0.0,0.0,1.0
31.0,162,7.0,24.0,96.0,95.0,1.0,0.0,0.9895833333333334
31.0,163,2.0,9.0,38.0,37.0,1.0,0.0,0.9736842105263158
31.0,164,0.0,1.0,37.0,39.0,-2.0,0.0,1.054054054054054
31.0,166,6.0,0.0,22.0,11.0,11.0,5.0,0.5
31.0,41,12.0,0.0,22.0,9.0,13.0,5.0,0.4090909090909091
31.0,42,3.0,3.0,10.0,8.0,2.0,0.0,0.8
31.0,43,0.0,6.0,16.0,16.0,0.0,0.0,1.0
31.0,170,18.0,35.0,101.0,83.0,18.0,0.0,0.8217821782178217
31.0,45,0.0,0.0,3.0,1.0,2.0,3.0,0.3333333333333333
31.0,48,5.0,43.0,90.0,85.0,5.0,0.0,0.9444444444444444
31.0,50,0.0,6.0,29.0,31.0,-2.0,0.0,1.0689655172413792
31.0,186,10.0,62.0,176.0,172.0,4.0,0.0,0.9772727272727273
31.0,194,0.0,0.0,0.0,0.0,0.0,0.0,0.0
31.0,68,10.0,20.0,50.0,42.0,8.0,0.0,0.84
31.0,74,0.0,12.0,20.0,19.0,1.0,0.0,0.95
31.0,75,7.0,0.0,36.0,27.0,9.0,6.0,0.75
31.0,79,10.0,0.0,63.0,62.0,1.0,0.0,0.9841269841269841
31.0,209,0.0,0.0,1.0,0.0,1.0,2.0,0.0
31.0,211,0.0,1.0,3.0,3.0,0.0,0.0,1.0
31.0,87,3.0,2.0,12.0,10.0,2.0,4.0,0.8333333333333334
31.0,88,4.0,0.0,10.0,6.0,4.0,1.0,0.6
31.0,90,7.0,4.0,56.0,52.0,4.0,0.0,0.9285714285714286
31.0,224,9.0,0.0,28.0,22.0,6.0,1.0,0.7857142857142857
31.0,100,0.0,62.0,135.0,144.0,-9.0,0.0,1.0666666666666667
31.0,229,8.0,22.0,68.0,65.0,3.0,0.0,0.9558823529411765
31.0,230,5.0,16.0,32.0,33.0,-1.0,0.0,1.03125
31.0,231,5.0,3.0,32.0,33.0,-1.0,0.0,1.03125
31.0,232,0.0,1.0,0.0,0.0,0.0,0.0,0.0
31.0,233,0.0,4.0,34.0,34.0,0.0,0.0,1.0
31.0,234,0.0,15.0,60.0,68.0,-8.0,0.0,1.1333333333333333
31.0,107,3.0,26.0,82.0,91.0,-9.0,0.0,1.1097560975609757
31.0,236,7.0,40.0,106.0,99.0,7.0,0.0,0.9339622641509434
31.0,237,0.0,23.0,84.0,84.0,0.0,0.0,1.0
31.0,238,10.0,9.0,72.0,62.0,10.0,0.0,0.8611111111111112
31.0,239,1.0,0.0,60.0,60.0,0.0,0.0,1.0
31.0,113,3.0,4.0,31.0,35.0,-4.0,0.0,1.1290322580645162
31.0,114,4.0,0.0,14.0,8.0,6.0,2.0,0.5714285714285714
31.0,243,1.0,0.0,2.0,0.0,2.0,1.0,0.0
31.0,116,1.0,0.0,6.0,5.0,1.0,3.0,0.8333333333333334
31.0,244,1.0,0.0,11.0,4.0,7.0,6.0,0.36363636363636365
31.0,246,5.0,6.0,25.0,20.0,5.0,0.0,0.8
31.0,120,0.0,0.0,0.0,0.0,0.0,0.0,0.0
31.0,249,0.0,19.0,30.0,33.0,-3.0,0.0,1.1
31.0,125,2.0,0.0,10.0,5.0,5.0,5.0,0.5
31.0,127,0.0,0.0,0.0,0.0,0.0,0.0,0.0
32.0,128,0.0,0.0,0.0,0.0,0.0,0.0,0.0
32.0,4,6.0,0.0,14.0,8.0,6.0,4.0,0.5714285714285714
32.0,261,4.0,0.0,9.0,5.0,4.0,0.0,0.5555555555555556
32.0,262,15.0,28.0,56.0,41.0,15.0,0.0,0.7321428571428571
32.0,263,7.0,22.0,69.0,63.0,6.0,0.0,0.9130434782608695
32.0,137,0.0,13.0,58.0,62.0,-4.0,0.0,1.0689655172413792
32.0,12,0.0,0.0,0.0,0.0,0.0,0.0,0.0
32.0,13,7.0,0.0,41.0,24.0,17.0,13.0,0.5853658536585366
32.0,140,25.0,3.0,90.0,75.0,15.0,0.0,0.8333333333333334
32.0,141,19.0,0.0,112.0,97.0,15.0,0.0,0.8660714285714286
32.0,142,3.0,19.0,79.0,81.0,-2.0,0.0,1.0253164556962024
32.0,143,3.0,6.0,35.0,32.0,3.0,0.0,0.9142857142857143
32.0,144,4.0,0.0,12.0,8.0,4.0,1.0,0.6666666666666666
32.0,148,3.0,5.0,11.0,12.0,-1.0,0.0,1.0909090909090908
32.0,151,8.0,0.0,34.0,26.0,8.0,0.0,0.7647058823529411
32.0,24,4.0,2.0,15.0,11.0,4.0,0.0,0.7333333333333333
32.0,152,4.0,2.0,7.0,3.0,4.0,0.0,0.42857142857142855
32.0,158,7.0,0.0,24.0,14.0,10.0,4.0,0.5833333333333334
32.0,161,11.0,26.0,63.0,52.0,11.0,0.0,0.8253968253968254
32.0,162,0.0,27.0,90.0,97.0,-7.0,0.0,1.0777777777777777
32.0,163,0.0,4.0,34.0,36.0,-2.0,0.0,1.0588235294117647
32.0,164,5.0,8.0,47.0,42.0,5.0,0.0,0.8936170212765957
32.0,166,0.0,1.0,14.0,15.0,-1.0,5.0,1.0714285714285714
32.0,41,0.0,2.0,21.0,24.0,-3.0,9.0,1.1428571428571428
32.0,42,8.0,0.0,14.0,3.0,11.0,6.0,0.21428571428571427
32.0,43,1.0,0.0,31.0,30.0,1.0,0.0,0.967741935483871
32.0,170,3.0,24.0,118.0,126.0,-8.0,0.0,1.0677966101694916
32.0,45,1.0,3.0,3.0,2.0,1.0,0.0,0.6666666666666666
32.0,48,2.0,22.0,95.0,96.0,-1.0,0.0,1.0105263157894737
32.0,50,6.0,0.0,43.0,37.0,6.0,0.0,0.8604651162790697
32.0,186,2.0,58.0,185.0,185.0,0.0,0.0,1.0
32.0,194,0.0,0.0,0.0,0.0,0.0,0.0,0.0
32.0,68,6.0,14.0,52.0,55.0,-3.0,0.0,1.0576923076923077
32.0,74,12.0,3.0,25.0,13.0,12.0,0.0,0.52
32.0,75,5.0,0.0,35.0,25.0,10.0,10.0,0.7142857142857143
32.0,79,20.0,0.0,65.0,49.0,16.0,3.0,0.7538461538461538
32.0,209,0.0,0.0,3.0,1.0,2.0,2.0,0.3333333333333333
32.0,211,2.0,0.0,10.0,6.0,4.0,2.0,0.6
32.0,87,3.0,0.0,23.0,16.0,7.0,7.0,0.6956521739130435
32.0,88,3.0,6.0,7.0,4.0,3.0,4.0,0.5714285714285714
32.0,90,6.0,13.0,38.0,38.0,0.0,0.0,1.0
32.0,224,0.0,2.0,19.0,26.0,-7.0,0.0,1.368421052631579
32.0,100,13.0,38.0,78.0,65.0,13.0,0.0,0.8333333333333334
32.0,229,0.0,18.0,67.0,72.0,-5.0,0.0,1.0746268656716418
32.0,230,0.0,5.0,43.0,47.0,-4.0,0.0,1.0930232558139534
32.0,231,2.0,0.0,30.0,32.0,-2.0,0.0,1.0666666666666667
32.0,232,1.0,0.0,4.0,1.0,3.0,2.0,0.25
32.0,233,8.0,0.0,49.0,41.0,8.0,0.0,0.8367346938775511
32.0,234,5.0,19.0,57.0,52.0,5.0,0.0,0.9122807017543859
32.0,107,0.0,32.0,81.0,81.0,0.0,0.0,1.0
32.0,236,18.0,31.0,146.0,131.0,15.0,0.0,0.8972602739726028
32.0,237,0.0,4.0,122.0,122.0,0.0,0.0,1.0
32.0,238,3.0,17.0,65.0,68.0,-3.0,0.0,1.0461538461538462
32.0,239,20.0,0.0,83.0,63.0,20.0,0.0,0.7590361445783133
32.0,113,16.0,0.0,45.0,31.0,14.0,0.0,0.6888888888888889
32.0,114,0.0,0.0,12.0,13.0,-1.0,3.0,1.0833333333333333
32.0,243,1.0,0.0,1.0,0.0,1.0,1.0,0.0
32.0,116,1.0,0.0,10.0,3.0,7.0,7.0,0.3
32.0,244,0.0,1.0,8.0,5.0,3.0,4.0,0.625
32.0,246,1.0,2.0,20.0,24.0,-4.0,0.0,1.2
32.0,120,0.0,0.0,0.0,0.0,0.0,0.0,0.0
32.0,249,9.0,15.0,37.0,28.0,9.0,0.0,0.7567567567567568
32.0,125,2.0,0.0,7.0,6.0,1.0,1.0,0.8571428571428571
32.0,127,0.0,0.0,1.0,0.0,1.0,1.0,0.0
33.0,128,0.0,0.0,0.0,0.0,0.0,0.0,0.0
33.0,4,2.0,0.0,11.0,12.0,-1.0,0.0,1.0909090909090908
33.0,261,2.0,0.0,6.0,4.0,2.0,4.0,0.6666666666666666
33.0,262,18.0,9.0,68.0,63.0,5.0,0.0,0.9264705882352942
33.0,263,0.0,8.0,88.0,91.0,-3.0,0.0,1.0340909090909092
33.0,137,7.0,16.0,64.0,57.0,7.0,0.0,0.890625
33.0,12,0.0,0.0,1.0,1.0,0.0,0.0,1.0
33.0,13,9.0,4.0,40.0,33.0,7.0,5.0,0.825
33.0,140,17.0,0.0,97.0,89.0,8.0,14.0,0.9175257731958762
33.0,141,12.0,1.0,110.0,108.0,2.0,0.0,0.9818181818181818
33.0,142,0.0,6.0,68.0,68.0,0.0,0.0,1.0
33.0,143,11.0,0.0,47.0,37.0,10.0,0.0,0.7872340425531915
33.0,144,2.0,0.0,10.0,12.0,-2.0,0.0,1.2
33.0,148,2.0,0.0,12.0,12.0,0.0,0.0,1.0
33.0,151,14.0,0.0,38.0,31.0,7.0,0.0,0.8157894736842105
33.0,24,0.0,0.0,11.0,14.0,-3.0,0.0,1.2727272727272727
33.0,152,0.0,0.0,6.0,6.0,0.0,4.0,1.0
33.0,158,0.0,8.0,14.0,20.0,-6.0,0.0,1.4285714285714286
33.0,161,0.0,17.0,46.0,55.0,-9.0,0.0,1.1956521739130435
33.0,162,8.0,31.0,77.0,69.0,8.0,0.0,0.8961038961038961
33.0,163,0.0,3.0,37.0,37.0,0.0,0.0,1.0
33.0,164,7.0,9.0,52.0,49.0,3.0,0.0,0.9423076923076923
33.0,166,2.0,0.0,12.0,10.0,2.0,0.0,0.8333333333333334
33.0,41,10.0,0.0,26.0,11.0,15.0,5.0,0.4230769230769231
33.0,42,0.0,4.0,12.0,9.0,3.0,10.0,0.75
33.0,43,2.0,5.0,16.0,15.0,1.0,0.0,0.9375
33.0,170,0.0,45.0,123.0,123.0,0.0,0.0,1.0
33.0,45,3.0,2.0,4.0,2.0,2.0,0.0,0.5
33.0,48,6.0,38.0,94.0,89.0,5.0,0.0,0.9468085106382979
33.0,50,6.0,0.0,35.0,33.0,2.0,0.0,0.9428571428571428
33.0,186,7.0,50.0,161.0,154.0,7.0,0.0,0.9565217391304348
33.0,194,0.0,0.0,0.0,0.0,0.0,0.0,0.0
33.0,68,1.0,0.0,47.0,48.0,-1.0,0.0,1.0212765957446808
33.0,74,0.0,2.0,15.0,27.0,-12.0,0.0,1.8
33.0,75,13.0,0.0,49.0,35.0,14.0,5.0,0.7142857142857143
33.0,79,28.0,0.0,65.0,55.0,10.0,0.0,0.8461538461538461
33.0,209,0.0,1.0,1.0,1.0,0.0,0.0,1.0
33.0,211,0.0,2.0,9.0,9.0,0.0,2.0,1.0
33.0,87,5.0,0.0,23.0,13.0,10.0,6.0,0.5652173913043478
33.0,88,1.0,0.0,10.0,3.0,7.0,9.0,0.3
33.0,90,7.0,12.0,36.0,33.0,3.0,0.0,0.9166666666666666
33.0,224,2.0,7.0,14.0,12.0,2.0,0.0,0.8571428571428571
33.0,100,0.0,15.0,103.0,111.0,-8.0,0.0,1.0776699029126213
33.0,229,0.0,16.0,90.0,90.0,0.0,0.0,1.0
33.0,230,10.0,21.0,49.0,39.0,10.0,0.0,0.7959183673469388
33.0,231,10.0,1.0,36.0,26.0,10.0,0.0,0.7222222222222222
33.0,232,1.0,0.0,3.0,1.0,2.0,2.0,0.3333333333333333
33.0,233,13.0,0.0,69.0,62.0,7.0,0.0,0.8985507246376812
33.0,234,13.0,8.0,55.0,47.0,8.0,0.0,0.8545454545454545
33.0,107,9.0,35.0,89.0,80.0,9.0,0.0,0.898876404494382
33.0,236,15.0,0.0,176.0,175.0,1.0,0.0,0.9943181818181818
33.0,237,0.0,10.0,123.0,123.0,0.0,0.0,1.0
33.0,238,15.0,0.0,88.0,73.0,15.0,0.0,0.8295454545454546
33.0,239,24.0,0.0,88.0,80.0,8.0,0.0,0.9090909090909091
33.0,113,18.0,0.0,49.0,28.0,21.0,17.0,0.5714285714285714
33.0,114,1.0,0.0,17.0,14.0,3.0,2.0,0.8235294117647058
33.0,243,0.0,1.0,2.0,1.0,1.0,2.0,0.5
33.0,116,2.0,0.0,10.0,7.0,3.0,2.0,0.7
33.0,244,3.0,1.0,5.0,2.0,3.0,0.0,0.4
33.0,246,5.0,0.0,25.0,21.0,4.0,0.0,0.84
33.0,120,0.0,0.0,0.0,0.0,0.0,0.0,0.0
33.0,249,4.0,0.0,42.0,47.0,-5.0,0.0,1.119047619047619
33.0,125,4.0,0.0,10.0,6.0,4.0,2.0,0.6
33.0,127,0.0,0.0,0.0,0.0,0.0,0.0,0.0
34.0,128,0.0,0.0,0.0,0.0,0.0,0.0,0.0
34.0,4,2.0,4.0,7.0,6.0,1.0,1.0,0.8571428571428571
34.0,261,0.0,0.0,6.0,5.0,1.0,3.0,0.8333333333333334
34.0,262,19.0,0.0,90.0,80.0,10.0,6.0,0.8888888888888888
34.0,263,16.0,14.0,83.0,67.0,16.0,0.0,0.8072289156626506
34.0,137,4.0,13.0,72.0,73.0,-1.0,0.0,1.0138888888888888
34.0,12,0.0,1.0,0.0,0.0,0.0,0.0,0.0
34.0,13,12.0,0.0,43.0,39.0,4.0,0.0,0.9069767441860465
34.0,140,30.0,0.0,102.0,86.0,16.0,2.0,0.8431372549019608
34.0,141,3.0,0.0,114.0,120.0,-6.0,0.0,1.0526315789473684
34.0,142,2.0,0.0,76.0,74.0,2.0,0.0,0.9736842105263158
34.0,143,15.0,0.0,48.0,36.0,12.0,5.0,0.75
34.0,144,5.0,0.0,13.0,9.0,4.0,0.0,0.6923076923076923
34.0,148,7.0,3.0,14.0,9.0,5.0,0.0,0.6428571428571429
34.0,151,4.0,0.0,32.0,39.0,-7.0,3.0,1.21875
34.0,24,4.0,0.0,17.0,11.0,6.0,2.0,0.6470588235294118
34.0,152,0.0,1.0,4.0,4.0,0.0,0.0,1.0
34.0,158,0.0,0.0,18.0,18.0,0.0,0.0,1.0
34.0,161,0.0,13.0,61.0,61.0,0.0,0.0,1.0
34.0,162,0.0,5.0,115.0,121.0,-6.0,0.0,1.0521739130434782
34.0,163,4.0,5.0,48.0,44.0,4.0,0.0,0.9166666666666666
34.0,164,5.0,12.0,58.0,57.0,1.0,0.0,0.9827586206896551
34.0,166,0.0,2.0,16.0,13.0,3.0,5.0,0.8125
34.0,41,0.0,3.0,14.0,12.0,2.0,11.0,0.8571428571428571
34.0,42,0.0,1.0,16.0,16.0,0.0,0.0,1.0
34.0,43,5.0,0.0,29.0,24.0,5.0,0.0,0.8275862068965517
34.0,170,7.0,52.0,134.0,127.0,7.0,0.0,0.9477611940298507
34.0,45,0.0,1.0,0.0,3.0,-3.0,0.0,0.0
34.0,48,0.0,29.0,109.0,111.0,-2.0,0.0,1.018348623853211
34.0,50,18.0,0.0,47.0,34.0,13.0,0.0,0.723404255319149
34.0,186,22.0,59.0,155.0,133.0,22.0,0.0,0.8580645161290322
34.0,194,1.0,0.0,1.0,0.0,1.0,0.0,0.0
34.0,68,6.0,0.0,52.0,46.0,6.0,0.0,0.8846153846153846
34.0,74,0.0,8.0,19.0,19.0,0.0,0.0,1.0
34.0,75,9.0,0.0,42.0,36.0,6.0,9.0,0.8571428571428571
34.0,79,20.0,0.0,51.0,41.0,10.0,15.0,0.803921568627451
34.0,209,5.0,0.0,8.0,3.0,5.0,0.0,0.375
34.0,211,0.0,0.0,10.0,8.0,2.0,2.0,0.8
34.0,87,5.0,2.0,17.0,15.0,2.0,2.0,0.8823529411764706
34.0,88,3.0,0.0,16.0,12.0,4.0,2.0,0.75
34.0,90,13.0,0.0,60.0,37.0,23.0,17.0,0.6166666666666667
34.0,224,1.0,0.0,21.0,21.0,0.0,0.0,1.0
34.0,100,16.0,31.0,95.0,79.0,16.0,0.0,0.8315789473684211
34.0,229,5.0,23.0,86.0,81.0,5.0,0.0,0.9418604651162791
34.0,230,12.0,21.0,51.0,48.0,3.0,0.0,0.9411764705882353
34.0,231,16.0,0.0,40.0,31.0,9.0,3.0,0.775
34.0,232,2.0,0.0,4.0,0.0,4.0,3.0,0.0
34.0,233,4.0,2.0,52.0,59.0,-7.0,0.0,1.1346153846153846
34.0,234,7.0,1.0,52.0,56.0,-4.0,0.0,1.0769230769230769
34.0,107,0.0,39.0,100.0,103.0,-3.0,0.0,1.03
34.0,236,0.0,6.0,142.0,153.0,-11.0,0.0,1.0774647887323943
34.0,237,0.0,22.0,107.0,107.0,0.0,0.0,1.0
34.0,238,32.0,0.0,98.0,76.0,22.0,0.0,0.7755102040816326
34.0,239,23.0,0.0,92.0,80.0,12.0,9.0,0.8695652173913043
34.0,113,12.0,8.0,48.0,47.0,1.0,5.0,0.9791666666666666
34.0,114,6.0,0.0,22.0,17.0,5.0,0.0,0.7727272727272727
34.0,243,1.0,0.0,1.0,0.0,1.0,0.0,0.0
34.0,116,2.0,2.0,5.0,5.0,0.0,0.0,1.0
34.0,244,2.0,0.0,4.0,5.0,-1.0,0.0,1.25
34.0,246,2.0,0.0,20.0,19.0,1.0,2.0,0.95
34.0,120,0.0,0.0,0.0,0.0,0.0,0.0,0.0
34.0,249,18.0,0.0,59.0,37.0,22.0,7.0,0.6271186440677966
34.0,125,5.0,0.0,9.0,7.0,2.0,1.0,0.7777777777777778
34.0,127,0.0,0.0,0.0,0.0,0.0,0.0,0.0
35.0,128,1.0,0.0,1.0,0.0,1.0,0.0,0.0
35.0,4,6.0,0.0,20.0,14.0,6.0,2.0,0.7
35.0,261,1.0,0.0,9.0,6.0,3.0,2.0,0.6666666666666666
35.0,262,22.0,0.0,73.0,64.0,9.0,2.0,0.8767123287671232
35.0,263,17.0,0.0,87.0,85.0,2.0,0.0,0.9770114942528736
35.0,137,2.0,7.0,57.0,58.0,-1.0,0.0,1.0175438596491229
35.0,12,0.0,0.0,0.0,0.0,0.0,0.0,0.0
35.0,13,4.0,0.0,51.0,36.0,15.0,22.0,0.7058823529411765
35.0,140,40.0,0.0,104.0,71.0,33.0,23.0,0.6826923076923077
35.0,141,17.0,0.0,117.0,100.0,17.0,0.0,0.8547008547008547
35.0,142,14.0,0.0,84.0,70.0,14.0,0.0,0.8333333333333334
35.0,143,18.0,0.0,59.0,56.0,3.0,0.0,0.9491525423728814
35.0,144,5.0,5.0,10.0,5.0,5.0,5.0,0.5
35.0,148,2.0,4.0,11.0,13.0,-2.0,0.0,1.1818181818181819
35.0,151,13.0,0.0,38.0,26.0,12.0,0.0,0.6842105263157895
35.0,24,5.0,0.0,15.0,14.0,1.0,0.0,0.9333333333333333
35.0,152,1.0,0.0,3.0,2.0,1.0,0.0,0.6666666666666666
35.0,158,13.0,0.0,35.0,11.0,24.0,11.0,0.3142857142857143
35.0,161,0.0,1.0,85.0,85.0,0.0,0.0,1.0
35.0,162,2.0,5.0,101.0,99.0,2.0,0.0,0.9801980198019802
35.0,163,9.0,0.0,60.0,51.0,9.0,0.0,0.85
35.0,164,8.0,2.0,61.0,56.0,5.0,0.0,0.9180327868852459
35.0,166,2.0,0.0,19.0,17.0,2.0,0.0,0.8947368421052632
35.0,41,3.0,2.0,11.0,8.0,3.0,0.0,0.7272727272727273
35.0,42,0.0,0.0,10.0,9.0,1.0,1.0,0.9
35.0,43,5.0,0.0,28.0,28.0,0.0,0.0,1.0
35.0,170,3.0,44.0,127.0,127.0,0.0,0.0,1.0
35.0,45,3.0,0.0,4.0,0.0,4.0,1.0,0.0
35.0,48,16.0,30.0,133.0,117.0,16.0,0.0,0.8796992481203008
35.0,50,11.0,0.0,45.0,48.0,-3.0,2.0,1.0666666666666667
35.0,186,0.0,26.0,151.0,170.0,-19.0,0.0,1.1258278145695364
35.0,194,0.0,0.0,0.0,0.0,0.0,1.0,0.0
35.0,68,23.0,0.0,58.0,39.0,19.0,1.0,0.6724137931034483
35.0,74,0.0,3.0,14.0,14.0,0.0,0.0,1.0
35.0,75,4.0,0.0,22.0,23.0,-1.0,4.0,1.0454545454545454
35.0,79,21.0,0.0,66.0,55.0,11.0,7.0,0.8333333333333334
35.0,209,3.0,0.0,4.0,2.0,2.0,4.0,0.5
35.0,211,6.0,0.0,16.0,10.0,6.0,0.0,0.625
35.0,87,5.0,2.0,15.0,15.0,0.0,0.0,1.0
35.0,88,4.0,4.0,11.0,10.0,1.0,0.0,0.9090909090909091
35.0,90,19.0,0.0,57.0,48.0,9.0,2.0,0.8421052631578947
35.0,224,7.0,0.0,25.0,18.0,7.0,0.0,0.72
35.0,100,6.0,23.0,70.0,78.0,-8.0,0.0,1.1142857142857143
35.0,229,7.0,0.0,106.0,103.0,3.0,0.0,0.9716981132075472
35.0,230,0.0,9.0,53.0,63.0,-10.0,0.0,1.1886792452830188
35.0,231,13.0,0.0,46.0,30.0,16.0,16.0,0.6521739130434783
35.0,232,3.0,0.0,2.0,1.0,1.0,0.0,0.5
35.0,233,17.0,0.0,60.0,46.0,14.0,0.0,0.7666666666666667
35.0,234,23.0,0.0,54.0,37.0,17.0,0.0,0.6851851851851852
35.0,107,15.0,33.0,92.0,77.0,15.0,0.0,0.8369565217391305
35.0,236,16.0,0.0,150.0,134.0,16.0,0.0,0.8933333333333333
35.0,237,22.0,28.0,131.0,109.0,22.0,0.0,0.8320610687022901
35.0,238,29.0,0.0,81.0,69.0,12.0,10.0,0.8518518518518519
35.0,239,35.0,0.0,98.0,77.0,21.0,5.0,0.7857142857142857
35.0,113,8.0,3.0,56.0,58.0,-2.0,0.0,1.0357142857142858
35.0,114,3.0,3.0,19.0,19.0,0.0,1.0,1.0
35.0,243,1.0,0.0,2.0,0.0,2.0,2.0,0.0
35.0,116,2.0,1.0,6.0,5.0,1.0,0.0,0.8333333333333334
35.0,244,8.0,0.0,11.0,3.0,8.0,2.0,0.2727272727272727
35.0,246,13.0,0.0,36.0,24.0,12.0,1.0,0.6666666666666666
35.0,120,0.0,0.0,0.0,0.0,0.0,0.0,0.0
35.0,249,18.0,0.0,60.0,53.0,7.0,5.0,0.8833333333333333
35.0,125,0.0,0.0,7.0,9.0,-2.0,3.0,1.2857142857142858
35.0,127,0.0,0.0,0.0,0.0,0.0,0.0,0.0
36.0,128,1.0,0.0,0.0,0.0,0.0,0.0,0.0
36.0,4,0.0,6.0,10.0,16.0,-6.0,0.0,1.6
36.0,261,5.0,0.0,14.0,8.0,6.0,2.0,0.5714285714285714
36.0,262,14.0,0.0,79.0,79.0,0.0,2.0,1.0
36.0,263,32.0,0.0,86.0,65.0,21.0,6.0,0.7558139534883721
36.0,137,5.0,7.0,50.0,45.0,5.0,0.0,0.9
36.0,12,0.0,0.0,0.0,0.0,0.0,0.0,0.0
36.0,13,11.0,0.0,53.0,45.0,8.0,0.0,0.8490566037735849
36.0,140,34.0,0.0,102.0,103.0,-1.0,2.0,1.0098039215686274
36.0,141,23.0,0.0,125.0,115.0,10.0,0.0,0.92
36.0,142,16.0,0.0,79.0,72.0,7.0,0.0,0.9113924050632911
36.0,143,22.0,0.0,60.0,50.0,10.0,6.0,0.8333333333333334
36.0,144,2.0,0.0,11.0,7.0,4.0,7.0,0.6363636363636364
36.0,148,5.0,1.0,22.0,19.0,3.0,0.0,0.8636363636363636
36.0,151,19.0,0.0,39.0,31.0,8.0,1.0,0.7948717948717948
36.0,24,0.0,2.0,12.0,12.0,0.0,5.0,1.0
36.0,152,0.0,2.0,5.0,3.0,2.0,3.0,0.6
36.0,158,0.0,2.0,29.0,25.0,4.0,14.0,0.8620689655172413
36.0,161,1.0,0.0,102.0,101.0,1.0,0.0,0.9901960784313726
36.0,162,12.0,11.0,118.0,107.0,11.0,0.0,0.9067796610169492
36.0,163,16.0,0.0,52.0,42.0,10.0,0.0,0.8076923076923077
36.0,164,20.0,9.0,62.0,48.0,14.0,0.0,0.7741935483870968
36.0,166,2.0,0.0,15.0,15.0,0.0,0.0,1.0
36.0,41,2.0,0.0,12.0,10.0,2.0,3.0,0.8333333333333334
36.0,42,0.0,4.0,6.0,6.0,0.0,0.0,1.0
36.0,43,11.0,0.0,40.0,30.0,10.0,4.0,0.75
36.0,170,7.0,50.0,139.0,134.0,5.0,0.0,0.9640287769784173
36.0,45,2.0,1.0,7.0,1.0,6.0,7.0,0.14285714285714285
36.0,48,9.0,36.0,133.0,137.0,-4.0,0.0,1.0300751879699248
36.0,50,3.0,0.0,37.0,43.0,-6.0,0.0,1.162162162162162
36.0,186,0.0,22.0,157.0,157.0,0.0,0.0,1.0
36.0,194,0.0,0.0,0.0,0.0,0.0,0.0,0.0
36.0,68,16.0,0.0,66.0,63.0,3.0,8.0,0.9545454545454546
36.0,74,0.0,1.0,17.0,15.0,2.0,2.0,0.8823529411764706
36.0,75,5.0,0.0,26.0,19.0,7.0,5.0,0.7307692307692307
36.0,79,23.0,0.0,60.0,56.0,4.0,2.0,0.9333333333333333
36.0,209,1.0,0.0,1.0,3.0,-2.0,0.0,3.0
36.0,211,4.0,0.0,11.0,9.0,2.0,4.0,0.8181818181818182
36.0,87,15.0,0.0,34.0,14.0,20.0,10.0,0.4117647058823529
36.0,88,3.0,4.0,7.0,8.0,-1.0,0.0,1.1428571428571428
36.0,90,12.0,7.0,61.0,61.0,0.0,3.0,1.0
36.0,224,7.0,0.0,25.0,20.0,5.0,3.0,0.8
36.0,100,0.0,4.0,76.0,76.0,0.0,0.0,1.0
36.0,229,3.0,0.0,106.0,108.0,-2.0,0.0,1.0188679245283019
36.0,230,10.0,17.0,45.0,35.0,10.0,0.0,0.7777777777777778
36.0,231,15.0,0.0,52.0,38.0,14.0,10.0,0.7307692307692307
36.0,232,4.0,3.0,6.0,1.0,5.0,4.0,0.16666666666666666
36.0,233,17.0,0.0,61.0,49.0,12.0,11.0,0.8032786885245902
36.0,234,26.0,0.0,70.0,57.0,13.0,7.0,0.8142857142857143
36.0,107,7.0,0.0,94.0,101.0,-7.0,0.0,1.074468085106383
36.0,236,24.0,0.0,155.0,123.0,32.0,20.0,0.7935483870967742
36.0,237,27.0,0.0,159.0,148.0,11.0,0.0,0.9308176100628931
36.0,238,23.0,0.0,91.0,76.0,15.0,20.0,0.8351648351648352
36.0,239,27.0,0.0,89.0,83.0,6.0,11.0,0.9325842696629213
36.0,113,8.0,0.0,47.0,44.0,3.0,0.0,0.9361702127659575
36.0,114,4.0,0.0,23.0,20.0,3.0,0.0,0.8695652173913043
36.0,243,0.0,0.0,0.0,0.0,0.0,1.0,0.0
36.0,116,1.0,0.0,6.0,6.0,0.0,1.0,1.0
36.0,244,0.0,0.0,7.0,5.0,2.0,10.0,0.7142857142857143
36.0,246,16.0,0.0,51.0,43.0,8.0,2.0,0.8431372549019608
36.0,120,0.0,0.0,0.0,0.0,0.0,0.0,0.0
36.0,249,15.0,0.0,53.0,51.0,2.0,3.0,0.9622641509433962
36.0,125,6.0,0.0,16.0,8.0,8.0,2.0,0.5
36.0,127,1.0,0.0,1.0,0.0,1.0,0.0,0.0
37.0,128,0.0,0.0,0.0,0.0,0.0,1.0,0.0
37.0,4,0.0,0.0,8.0,8.0,0.0,0.0,1.0
37.0,261,0.0,3.0,12.0,13.0,-1.0,4.0,1.0833333333333333
37.0,262,22.0,0.0,69.0,58.0,11.0,0.0,0.8405797101449275
37.0,263,12.0,0.0,69.0,71.0,-2.0,14.0,1.0289855072463767
37.0,137,0.0,11.0,53.0,53.0,0.0,0.0,1.0
37.0,12,0.0,0.0,0.0,0.0,0.0,0.0,0.0
37.0,13,9.0,0.0,41.0,30.0,11.0,13.0,0.7317073170731707
37.0,140,20.0,0.0,90.0,102.0,-12.0,0.0,1.1333333333333333
37.0,141,16.0,0.0,91.0,96.0,-5.0,0.0,1.054945054945055
37.0,142,7.0,0.0,83.0,90.0,-7.0,0.0,1.0843373493975903
37.0,143,13.0,0.0,63.0,64.0,-1.0,7.0,1.0158730158730158
37.0,144,3.0,0.0,12.0,11.0,1.0,0.0,0.9166666666666666
37.0,148,2.0,0.0,8.0,7.0,1.0,3.0,0.875
37.0,151,11.0,0.0,30.0,23.0,7.0,13.0,0.7666666666666667
37.0,24,3.0,3.0,9.0,6.0,3.0,0.0,0.6666666666666666
37.0,152,3.0,2.0,4.0,1.0,3.0,0.0,0.25
37.0,158,1.0,0.0,38.0,30.0,8.0,7.0,0.7894736842105263
37.0,161,0.0,21.0,88.0,88.0,0.0,0.0,1.0
37.0,162,13.0,0.0,126.0,123.0,3.0,0.0,0.9761904761904762
37.0,163,15.0,0.0,64.0,56.0,8.0,8.0,0.875
37.0,164,18.0,0.0,58.0,58.0,0.0,0.0,1.0
37.0,166,1.0,3.0,10.0,11.0,-1.0,0.0,1.1
37.0,41,3.0,0.0,13.0,9.0,4.0,2.0,0.6923076923076923
37.0,42,1.0,0.0,4.0,3.0,1.0,0.0,0.75
37.0,43,1.0,0.0,22.0,32.0,-10.0,0.0,1.4545454545454546
37.0,170,11.0,50.0,136.0,127.0,9.0,0.0,0.9338235294117647
37.0,45,0.0,0.0,4.0,5.0,-1.0,1.0,1.25
37.0,48,19.0,48.0,115.0,97.0,18.0,0.0,0.8434782608695652
37.0,50,0.0,3.0,24.0,27.0,-3.0,0.0,1.125
37.0,186,0.0,37.0,173.0,173.0,0.0,0.0,1.0
37.0,194,0.0,0.0,0.0,0.0,0.0,0.0,0.0
37.0,68,13.0,0.0,61.0,53.0,8.0,10.0,0.8688524590163934
37.0,74,0.0,6.0,9.0,9.0,0.0,0.0,1.0
37.0,75,0.0,2.0,26.0,31.0,-5.0,0.0,1.1923076923076923
37.0,79,7.0,0.0,52.0,62.0,-10.0,4.0,1.1923076923076923
37.0,209,0.0,1.0,2.0,1.0,1.0,2.0,0.5
37.0,211,4.0,0.0,7.0,5.0,2.0,2.0,0.7142857142857143
37.0,87,10.0,0.0,24.0,20.0,4.0,7.0,0.8333333333333334
37.0,88,2.0,1.0,6.0,7.0,-1.0,0.0,1.1666666666666667
37.0,90,10.0,3.0,63.0,63.0,0.0,0.0,1.0
37.0,224,5.0,1.0,12.0,12.0,0.0,0.0,1.0
37.0,100,0.0,9.0,97.0,97.0,0.0,0.0,1.0
37.0,229,11.0,5.0,95.0,84.0,11.0,0.0,0.8842105263157894
37.0,230,6.0,7.0,61.0,65.0,-4.0,0.0,1.0655737704918034
37.0,231,12.0,0.0,49.0,43.0,6.0,5.0,0.8775510204081632
37.0,232,3.0,3.0,3.0,3.0,0.0,1.0,1.0
37.0,233,19.0,0.0,62.0,54.0,8.0,1.0,0.8709677419354839
37.0,234,21.0,0.0,73.0,77.0,-4.0,0.0,1.0547945205479452
37.0,107,11.0,19.0,72.0,64.0,8.0,0.0,0.8888888888888888
37.0,236,38.0,0.0,149.0,115.0,34.0,14.0,0.7718120805369127
37.0,237,25.0,0.0,150.0,149.0,1.0,0.0,0.9933333333333333
37.0,238,16.0,14.0,73.0,78.0,-5.0,0.0,1.0684931506849316
37.0,239,30.0,0.0,102.0,78.0,24.0,17.0,0.7647058823529411
37.0,113,10.0,0.0,47.0,43.0,4.0,0.0,0.9148936170212766
37.0,114,0.0,2.0,19.0,20.0,-1.0,3.0,1.0526315789473684
37.0,243,0.0,0.0,0.0,0.0,0.0,0.0,0.0
37.0,116,0.0,0.0,3.0,3.0,0.0,0.0,1.0
37.0,244,3.0,4.0,5.0,2.0,3.0,0.0,0.4
37.0,246,9.0,0.0,51.0,50.0,1.0,6.0,0.9803921568627451
37.0,120,0.0,0.0,0.0,0.0,0.0,0.0,0.0
37.0,249,11.0,0.0,44.0,36.0,8.0,11.0,0.8181818181818182
37.0,125,2.0,2.0,6.0,7.0,-1.0,2.0,1.1666666666666667
37.0,127,0.0,0.0,0.0,0.0,0.0,1.0,0.0
38.0,128,0.0,0.0,0.0,0.0,0.0,0.0,0.0
38.0,4,0.0,1.0,11.0,11.0,0.0,0.0,1.0
38.0,261,0.0,6.0,9.0,9.0,0.0,0.0,1.0
38.0,262,11.0,0.0,60.0,58.0,2.0,12.0,0.9666666666666667
38.0,263,19.0,6.0,71.0,64.0,7.0,0.0,0.9014084507042254
38.0,137,1.0,17.0,55.0,54.0,1.0,0.0,0.9818181818181818
38.0,12,0.0,0.0,2.0,1.0,1.0,1.0,0.5
38.0,13,13.0,0.0,43.0,26.0,17.0,13.0,0.6046511627906976
38.0,140,12.0,0.0,96.0,99.0,-3.0,0.0,1.03125
38.0,141,25.0,0.0,105.0,94.0,11.0,0.0,0.8952380952380953
38.0,142,0.0,5.0,74.0,74.0,0.0,0.0,1.0
38.0,143,11.0,0.0,54.0,55.0,-1.0,0.0,1.0185185185185186
38.0,144,1.0,0.0,13.0,14.0,-1.0,1.0,1.0769230769230769
38.0,148,6.0,0.0,15.0,8.0,7.0,3.0,0.5333333333333333
38.0,151,9.0,0.0,32.0,31.0,1.0,0.0,0.96875
38.0,24,0.0,2.0,6.0,9.0,-3.0,0.0,1.5
38.0,152,1.0,0.0,1.0,3.0,-2.0,0.0,3.0
38.0,158,5.0,15.0,21.0,16.0,5.0,0.0,0.7619047619047619
38.0,161,0.0,31.0,87.0,87.0,0.0,0.0,1.0
38.0,162,0.0,15.0,101.0,109.0,-8.0,0.0,1.0792079207920793
38.0,163,10.0,0.0,57.0,54.0,3.0,4.0,0.9473684210526315
38.0,164,7.0,1.0,55.0,63.0,-8.0,1.0,1.1454545454545455
38.0,166,0.0,0.0,12.0,13.0,-1.0,0.0,1.0833333333333333
38.0,41,2.0,2.0,6.0,4.0,2.0,2.0,0.6666666666666666
38.0,42,0.0,0.0,5.0,3.0,2.0,3.0,0.6
38.0,43,9.0,0.0,30.0,21.0,9.0,0.0,0.7
38.0,170,16.0,50.0,131.0,124.0,7.0,0.0,0.9465648854961832
38.0,45,2.0,1.0,3.0,1.0,2.0,0.0,0.3333333333333333
38.0,48,13.0,28.0,94.0,99.0,-5.0,0.0,1.053191489361702
38.0,50,2.0,0.0,35.0,30.0,5.0,3.0,0.8571428571428571
38.0,186,12.0,61.0,152.0,140.0,12.0,0.0,0.9210526315789473
38.0,194,0.0,0.0,0.0,0.0,0.0,0.0,0.0
38.0,68,17.0,0.0,71.0,48.0,23.0,16.0,0.676056338028169
38.0,74,1.0,3.0,9.0,8.0,1.0,0.0,0.8888888888888888
38.0,75,4.0,0.0,28.0,24.0,4.0,0.0,0.8571428571428571
38.0,79,0.0,6.0,49.0,54.0,-5.0,0.0,1.1020408163265305
38.0,209,1.0,1.0,2.0,1.0,1.0,0.0,0.5
38.0,211,4.0,0.0,12.0,6.0,6.0,6.0,0.5
38.0,87,0.0,2.0,17.0,21.0,-4.0,5.0,1.2352941176470589
38.0,88,1.0,0.0,8.0,8.0,0.0,1.0,1.0
38.0,90,17.0,0.0,67.0,58.0,9.0,0.0,0.8656716417910447
38.0,224,4.0,0.0,17.0,18.0,-1.0,0.0,1.0588235294117647
38.0,100,14.0,0.0,111.0,97.0,14.0,0.0,0.8738738738738738
38.0,229,13.0,13.0,77.0,71.0,6.0,0.0,0.922077922077922
38.0,230,0.0,6.0,64.0,66.0,-2.0,0.0,1.03125
38.0,231,12.0,0.0,42.0,30.0,12.0,10.0,0.7142857142857143
38.0,232,0.0,0.0,3.0,4.0,-1.0,2.0,1.3333333333333333
38.0,233,8.0,0.0,47.0,49.0,-2.0,6.0,1.0425531914893618
38.0,234,22.0,0.0,72.0,63.0,9.0,3.0,0.875
38.0,107,3.0,22.0,70.0,74.0,-4.0,0.0,1.0571428571428572
38.0,236,25.0,0.0,134.0,142.0,-8.0,0.0,1.0597014925373134
38.0,237,30.0,0.0,163.0,154.0,9.0,0.0,0.9447852760736196
38.0,238,6.0,8.0,83.0,89.0,-6.0,0.0,1.072289156626506
38.0,239,5.0,0.0,82.0,105.0,-23.0,0.0,1.2804878048780488
38.0,113,9.0,0.0,49.0,48.0,1.0,0.0,0.9795918367346939
38.0,114,4.0,0.0,20.0,16.0,4.0,0.0,0.8
38.0,243,0.0,0.0,0.0,0.0,0.0,0.0,0.0
38.0,116,0.0,1.0,0.0,0.0,0.0,0.0,0.0
38.0,244,3.0,0.0,6.0,2.0,4.0,4.0,0.3333333333333333
38.0,246,4.0,0.0,31.0,33.0,-2.0,1.0,1.064516129032258
38.0,120,0.0,0.0,0.0,0.0,0.0,0.0,0.0
38.0,249,17.0,0.0,48.0,35.0,13.0,7.0,0.7291666666666666
38.0,125,1.0,1.0,11.0,11.0,0.0,0.0,1.0
38.0,127,0.0,2.0,0.0,0.0,0.0,0.0,0.0
39.0,128,0.0,0.0,0.0,0.0,0.0,0.0,0.0
39.0,4,2.0,3.0,6.0,4.0,2.0,0.0,0.6666666666666666
39.0,261,1.0,3.0,11.0,10.0,1.0,0.0,0.9090909090909091
39.0,262,11.0,0.0,72.0,69.0,3.0,0.0,0.9583333333333334
39.0,263,2.0,0.0,79.0,94.0,-15.0,0.0,1.1898734177215189
39.0,137,9.0,16.0,48.0,40.0,8.0,0.0,0.8333333333333334
39.0,12,0.0,0.0,1.0,1.0,0.0,0.0,1.0
39.0,13,8.0,0.0,29.0,26.0,3.0,7.0,0.896551724137931
39.0,140,4.0,9.0,85.0,89.0,-4.0,0.0,1.0470588235294118
39.0,141,2.0,4.0,87.0,107.0,-20.0,0.0,1.2298850574712643
39.0,142,0.0,11.0,72.0,72.0,0.0,0.0,1.0
39.0,143,10.0,9.0,48.0,46.0,2.0,0.0,0.9583333333333334
39.0,144,2.0,0.0,12.0,10.0,2.0,0.0,0.8333333333333334
39.0,148,5.0,0.0,15.0,11.0,4.0,4.0,0.7333333333333333
39.0,151,16.0,0.0,43.0,22.0,21.0,13.0,0.5116279069767442
39.0,24,0.0,2.0,8.0,8.0,0.0,0.0,1.0
39.0,152,0.0,0.0,0.0,0.0,0.0,1.0,0.0
39.0,158,7.0,0.0,25.0,21.0,4.0,0.0,0.84
39.0,161,0.0,22.0,96.0,96.0,0.0,0.0,1.0
39.0,162,7.0,21.0,87.0,80.0,7.0,0.0,0.9195402298850575
39.0,163,8.0,0.0,71.0,72.0,-1.0,0.0,1.0140845070422535
39.0,164,5.0,6.0,54.0,55.0,-1.0,0.0,1.0185185185185186
39.0,166,1.0,0.0,10.0,9.0,1.0,0.0,0.9
39.0,41,4.0,1.0,6.0,4.0,2.0,0.0,0.6666666666666666
39.0,42,0.0,2.0,1.0,1.0,0.0,0.0,1.0
39.0,43,4.0,0.0,29.0,27.0,2.0,6.0,0.9310344827586207
39.0,170,15.0,38.0,112.0,110.0,2.0,0.0,0.9821428571428571
39.0,45,2.0,0.0,7.0,3.0,4.0,4.0,0.42857142857142855
39.0,48,4.0,20.0,80.0,85.0,-5.0,0.0,1.0625
39.0,50,11.0,0.0,43.0,32.0,11.0,0.0,0.7441860465116279
39.0,186,0.0,34.0,111.0,119.0,-8.0,0.0,1.072072072072072
39.0,194,0.0,0.0,0.0,0.0,0.0,0.0,0.0
39.0,68,14.0,3.0,64.0,66.0,-2.0,0.0,1.03125
39.0,74,0.0,3.0,14.0,15.0,-1.0,0.0,1.0714285714285714
39.0,75,7.0,10.0,33.0,29.0,4.0,0.0,0.8787878787878788
39.0,79,5.0,5.0,60.0,55.0,5.0,0.0,0.9166666666666666
39.0,209,0.0,1.0,3.0,1.0,2.0,3.0,0.3333333333333333
39.0,211,0.0,0.0,16.0,12.0,4.0,8.0,0.75
39.0,87,0.0,2.0,19.0,19.0,0.0,0.0,1.0
39.0,88,0.0,0.0,4.0,4.0,0.0,1.0,1.0
39.0,90,7.0,0.0,55.0,63.0,-8.0,0.0,1.1454545454545455
39.0,224,4.0,0.0,16.0,16.0,0.0,0.0,1.0
39.0,100,12.0,0.0,121.0,120.0,1.0,0.0,0.9917355371900827
39.0,229,13.0,27.0,78.0,75.0,3.0,0.0,0.9615384615384616
39.0,230,7.0,12.0,84.0,77.0,7.0,0.0,0.9166666666666666
39.0,231,0.0,0.0,43.0,40.0,3.0,14.0,0.9302325581395349
39.0,232,0.0,0.0,3.0,1.0,2.0,2.0,0.3333333333333333
39.0,233,13.0,0.0,51.0,42.0,9.0,4.0,0.8235294117647058
39.0,234,13.0,0.0,52.0,55.0,-3.0,3.0,1.0576923076923077
39.0,107,2.0,0.0,81.0,81.0,0.0,0.0,1.0
39.0,236,30.0,0.0,146.0,139.0,7.0,0.0,0.952054794520548
39.0,237,12.0,0.0,114.0,127.0,-13.0,0.0,1.1140350877192982
39.0,238,4.0,0.0,92.0,89.0,3.0,0.0,0.967391304347826
39.0,239,8.0,0.0,85.0,80.0,5.0,0.0,0.9411764705882353
39.0,113,10.0,0.0,51.0,49.0,2.0,0.0,0.9607843137254902
39.0,114,2.0,6.0,13.0,14.0,-1.0,0.0,1.0769230769230769
39.0,243,0.0,0.0,0.0,0.0,0.0,0.0,0.0
39.0,116,2.0,0.0,5.0,3.0,2.0,0.0,0.6
39.0,244,0.0,2.0,1.0,2.0,-1.0,2.0,2.0
39.0,246,8.0,0.0,23.0,17.0,6.0,2.0,0.7391304347826086
39.0,120,0.0,0.0,0.0,0.0,0.0,0.0,0.0
39.0,249,5.0,0.0,30.0,36.0,-6.0,4.0,1.2
39.0,125,2.0,3.0,10.0,9.0,1.0,0.0,0.9
39.0,127,0.0,0.0,0.0,0.0,0.0,0.0,0.0
40.0,128,0.0,0.0,0.0,0.0,0.0,0.0,0.0
40.0,4,0.0,0.0,9.0,7.0,2.0,3.0,0.7777777777777778
40.0,261,2.0,0.0,17.0,9.0,8.0,7.0,0.5294117647058824
40.0,262,0.0,4.0,55.0,64.0,-9.0,0.0,1.1636363636363636
40.0,263,0.0,11.0,71.0,71.0,0.0,0.0,1.0
40.0,137,3.0,10.0,45.0,49.0,-4.0,0.0,1.0888888888888888
40.0,12,1.0,0.0,1.0,0.0,1.0,0.0,0.0
40.0,13,10.0,0.0,27.0,20.0,7.0,4.0,0.7407407407407407
40.0,140,8.0,26.0,77.0,69.0,8.0,0.0,0.8961038961038961
40.0,141,0.0,4.0,102.0,102.0,0.0,0.0,1.0
40.0,142,12.0,16.0,73.0,61.0,12.0,0.0,0.8356164383561644
40.0,143,7.0,0.0,53.0,55.0,-2.0,0.0,1.0377358490566038
40.0,144,10.0,0.0,16.0,7.0,9.0,1.0,0.4375
40.0,148,4.0,0.0,13.0,10.0,3.0,3.0,0.7692307692307693
40.0,151,20.0,0.0,44.0,34.0,10.0,5.0,0.7727272727272727
40.0,24,0.0,1.0,5.0,5.0,0.0,0.0,1.0
40.0,152,1.0,0.0,1.0,0.0,1.0,0.0,0.0
40.0,158,0.0,1.0,22.0,25.0,-3.0,3.0,1.1363636363636365
40.0,161,14.0,28.0,118.0,104.0,14.0,0.0,0.8813559322033898
40.0,162,4.0,3.0,114.0,117.0,-3.0,0.0,1.0263157894736843
40.0,163,16.0,2.0,94.0,85.0,9.0,0.0,0.9042553191489362
40.0,164,17.0,15.0,70.0,58.0,12.0,0.0,0.8285714285714286
40.0,166,0.0,1.0,10.0,9.0,1.0,2.0,0.9
40.0,41,3.0,0.0,4.0,5.0,-1.0,0.0,1.25
40.0,42,1.0,0.0,4.0,3.0,1.0,0.0,0.75
40.0,43,12.0,0.0,36.0,22.0,14.0,6.0,0.6111111111111112
40.0,170,7.0,45.0,113.0,119.0,-6.0,0.0,1.0530973451327434
40.0,45,1.0,1.0,5.0,5.0,0.0,1.0,1.0
40.0,48,8.0,26.0,75.0,67.0,8.0,0.0,0.8933333333333333
40.0,50,14.0,8.0,38.0,35.0,3.0,0.0,0.9210526315789473
40.0,186,0.0,34.0,122.0,122.0,0.0,0.0,1.0
40.0,194,0.0,0.0,0.0,0.0,0.0,0.0,0.0
40.0,68,9.0,0.0,76.0,79.0,-3.0,0.0,1.0394736842105263
40.0,74,1.0,0.0,14.0,13.0,1.0,0.0,0.9285714285714286
40.0,75,5.0,5.0,22.0,24.0,-2.0,0.0,1.0909090909090908
40.0,79,0.0,5.0,53.0,56.0,-3.0,0.0,1.0566037735849056
40.0,209,6.0,0.0,9.0,3.0,6.0,0.0,0.3333333333333333
40.0,211,5.0,0.0,16.0,11.0,5.0,0.0,0.6875
40.0,87,9.0,0.0,27.0,18.0,9.0,0.0,0.6666666666666666
40.0,88,5.0,0.0,11.0,3.0,8.0,3.0,0.2727272727272727
40.0,90,17.0,0.0,53.0,42.0,11.0,0.0,0.7924528301886793
40.0,224,3.0,4.0,15.0,15.0,0.0,0.0,1.0
40.0,100,7.0,19.0,120.0,120.0,0.0,0.0,1.0
40.0,229,2.0,22.0,81.0,92.0,-11.0,0.0,1.1358024691358024
40.0,230,13.0,17.0,87.0,79.0,8.0,0.0,0.9080459770114943
40.0,231,8.0,0.0,44.0,36.0,8.0,0.0,0.8181818181818182
40.0,232,3.0,0.0,5.0,2.0,3.0,0.0,0.4
40.0,233,7.0,0.0,60.0,64.0,-4.0,0.0,1.0666666666666667
40.0,234,9.0,0.0,53.0,56.0,-3.0,0.0,1.0566037735849056
40.0,107,25.0,0.0,78.0,54.0,24.0,0.0,0.6923076923076923
40.0,236,23.0,0.0,152.0,152.0,0.0,0.0,1.0
40.0,237,15.0,10.0,111.0,105.0,6.0,0.0,0.9459459459459459
40.0,238,0.0,10.0,72.0,72.0,0.0,0.0,1.0
40.0,239,10.0,2.0,74.0,70.0,4.0,0.0,0.9459459459459459
40.0,113,6.0,2.0,39.0,41.0,-2.0,0.0,1.0512820512820513
40.0,114,0.0,5.0,17.0,19.0,-2.0,0.0,1.1176470588235294
40.0,243,0.0,0.0,0.0,0.0,0.0,0.0,0.0
40.0,116,1.0,0.0,2.0,0.0,2.0,3.0,0.0
40.0,244,0.0,0.0,1.0,1.0,0.0,0.0,1.0
40.0,246,14.0,0.0,28.0,22.0,6.0,0.0,0.7857142857142857
40.0,120,0.0,0.0,0.0,0.0,0.0,0.0,0.0
40.0,249,0.0,3.0,38.0,43.0,-5.0,0.0,1.131578947368421
40.0,125,3.0,2.0,13.0,11.0,2.0,0.0,0.8461538461538461
40.0,127,0.0,0.0,1.0,0.0,1.0,1.0,0.0
41.0,128,0.0,0.0,0.0,0.0,0.0,0.0,0.0
41.0,4,1.0,0.0,7.0,6.0,1.0,0.0,0.8571428571428571
41.0,261,5.0,0.0,18.0,9.0,9.0,6.0,0.5
41.0,262,6.0,15.0,44.0,38.0,6.0,0.0,0.8636363636363636
41.0,263,0.0,22.0,59.0,59.0,0.0,0.0,1.0
41.0,137,0.0,11.0,35.0,37.0,-2.0,0.0,1.0571428571428572
41.0,12,0.0,0.0,2.0,0.0,2.0,3.0,0.0
41.0,13,2.0,0.0,19.0,20.0,-1.0,7.0,1.0526315789473684
41.0,140,0.0,15.0,80.0,87.0,-7.0,0.0,1.0875
41.0,141,7.0,22.0,79.0,72.0,7.0,0.0,0.9113924050632911
41.0,142,0.0,7.0,85.0,97.0,-12.0,0.0,1.1411764705882352
41.0,143,3.0,0.0,51.0,50.0,1.0,4.0,0.9803921568627451
41.0,144,2.0,0.0,17.0,16.0,1.0,8.0,0.9411764705882353
41.0,148,6.0,7.0,20.0,14.0,6.0,2.0,0.7
41.0,151,8.0,0.0,35.0,43.0,-8.0,0.0,1.2285714285714286
41.0,24,2.0,0.0,9.0,6.0,3.0,1.0,0.6666666666666666
41.0,152,4.0,0.0,4.0,0.0,4.0,1.0,0.0
41.0,158,3.0,6.0,14.0,11.0,3.0,0.0,0.7857142857142857
41.0,161,8.0,19.0,106.0,103.0,3.0,0.0,0.9716981132075472
41.0,162,0.0,11.0,100.0,102.0,-2.0,0.0,1.02
41.0,163,0.0,2.0,81.0,97.0,-16.0,0.0,1.1975308641975309
41.0,164,3.0,25.0,52.0,65.0,-13.0,0.0,1.25
41.0,166,0.0,4.0,13.0,13.0,0.0,0.0,1.0
41.0,41,3.0,2.0,6.0,5.0,1.0,1.0,0.8333333333333334
41.0,42,0.0,1.0,0.0,0.0,0.0,1.0,0.0
41.0,43,14.0,0.0,41.0,31.0,10.0,6.0,0.7560975609756098
41.0,170,9.0,37.0,97.0,92.0,5.0,0.0,0.9484536082474226
41.0,45,0.0,1.0,8.0,6.0,2.0,2.0,0.75
41.0,48,7.0,43.0,87.0,86.0,1.0,0.0,0.9885057471264368
41.0,50,0.0,10.0,17.0,31.0,-14.0,0.0,1.8235294117647058
41.0,186,19.0,49.0,143.0,124.0,19.0,0.0,0.8671328671328671
41.0,194,0.0,0.0,0.0,0.0,0.0,0.0,0.0
41.0,68,16.0,17.0,63.0,55.0,8.0,0.0,0.873015873015873
41.0,74,0.0,1.0,10.0,10.0,0.0,0.0,1.0
41.0,75,2.0,0.0,16.0,17.0,-1.0,0.0,1.0625
41.0,79,5.0,7.0,50.0,45.0,5.0,0.0,0.9
41.0,209,2.0,1.0,6.0,5.0,1.0,5.0,0.8333333333333334
41.0,211,5.0,4.0,18.0,14.0,4.0,1.0,0.7777777777777778
41.0,87,3.0,5.0,11.0,13.0,-2.0,2.0,1.1818181818181819
41.0,88,3.0,0.0,19.0,8.0,11.0,13.0,0.42105263157894735
41.0,90,5.0,1.0,40.0,51.0,-11.0,0.0,1.275
41.0,224,5.0,3.0,12.0,10.0,2.0,0.0,0.8333333333333334
41.0,100,5.0,34.0,90.0,90.0,0.0,0.0,1.0
41.0,229,0.0,23.0,67.0,67.0,0.0,0.0,1.0
41.0,230,0.0,19.0,83.0,93.0,-10.0,0.0,1.1204819277108433
41.0,231,14.0,0.0,54.0,46.0,8.0,0.0,0.8518518518518519
41.0,232,2.0,0.0,7.0,1.0,6.0,7.0,0.14285714285714285
41.0,233,1.0,0.0,46.0,50.0,-4.0,0.0,1.0869565217391304
41.0,234,8.0,0.0,64.0,61.0,3.0,0.0,0.953125
41.0,107,19.0,0.0,74.0,78.0,-4.0,0.0,1.054054054054054
41.0,236,18.0,0.0,151.0,152.0,-1.0,0.0,1.0066225165562914
41.0,237,30.0,0.0,129.0,109.0,20.0,0.0,0.8449612403100775
41.0,238,6.0,15.0,88.0,82.0,6.0,0.0,0.9318181818181818
41.0,239,8.0,0.0,79.0,77.0,2.0,0.0,0.9746835443037974
41.0,113,5.0,0.0,49.0,50.0,-1.0,0.0,1.0204081632653061
41.0,114,3.0,3.0,13.0,10.0,3.0,0.0,0.7692307692307693
41.0,243,1.0,0.0,1.0,0.0,1.0,0.0,0.0
41.0,116,1.0,2.0,3.0,2.0,1.0,1.0,0.6666666666666666
41.0,244,1.0,0.0,2.0,0.0,2.0,1.0,0.0
41.0,246,14.0,0.0,36.0,29.0,7.0,6.0,0.8055555555555556
41.0,120,0.0,0.0,0.0,0.0,0.0,0.0,0.0
41.0,249,3.0,4.0,30.0,27.0,3.0,0.0,0.9
41.0,125,0.0,0.0,9.0,10.0,-1.0,2.0,1.1111111111111112
41.0,127,0.0,0.0,0.0,0.0,0.0,0.0,0.0
42.0,128,0.0,0.0,0.0,0.0,0.0,0.0,0.0
42.0,4,0.0,1.0,8.0,8.0,0.0,1.0,1.0
42.0,261,8.0,2.0,22.0,15.0,7.0,2.0,0.6818181818181818
42.0,262,0.0,1.0,53.0,59.0,-6.0,0.0,1.1132075471698113
42.0,263,10.0,7.0,68.0,58.0,10.0,0.0,0.8529411764705882
42.0,137,0.0,8.0,30.0,30.0,0.0,0.0,1.0
42.0,12,1.0,1.0,1.0,0.0,1.0,0.0,0.0
42.0,13,9.0,0.0,27.0,19.0,8.0,0.0,0.7037037037037037
42.0,140,0.0,17.0,67.0,67.0,0.0,0.0,1.0
42.0,141,13.0,23.0,80.0,73.0,7.0,0.0,0.9125
42.0,142,16.0,30.0,80.0,64.0,16.0,0.0,0.8
42.0,143,0.0,9.0,47.0,47.0,0.0,0.0,1.0
42.0,144,0.0,0.0,11.0,11.0,0.0,0.0,1.0
42.0,148,2.0,6.0,19.0,23.0,-4.0,0.0,1.2105263157894737
42.0,151,4.0,0.0,37.0,40.0,-3.0,0.0,1.0810810810810811
42.0,24,4.0,0.0,11.0,7.0,4.0,2.0,0.6363636363636364
42.0,152,0.0,1.0,0.0,1.0,-1.0,3.0,0.0
42.0,158,5.0,3.0,25.0,23.0,2.0,0.0,0.92
42.0,161,0.0,3.0,106.0,114.0,-8.0,0.0,1.0754716981132075
42.0,162,0.0,0.0,121.0,121.0,0.0,0.0,1.0
42.0,163,5.0,24.0,59.0,54.0,5.0,0.0,0.9152542372881356
42.0,164,0.0,15.0,67.0,68.0,-1.0,0.0,1.0149253731343284
42.0,166,1.0,5.0,8.0,7.0,1.0,0.0,0.875
42.0,41,2.0,1.0,6.0,4.0,2.0,3.0,0.6666666666666666
42.0,42,0.0,1.0,3.0,0.0,3.0,3.0,0.0
42.0,43,11.0,0.0,47.0,49.0,-2.0,0.0,1.0425531914893618
42.0,170,0.0,25.0,111.0,119.0,-8.0,0.0,1.072072072072072
42.0,45,3.0,1.0,3.0,0.0,3.0,0.0,0.0
42.0,48,0.0,19.0,80.0,81.0,-1.0,0.0,1.0125
42.0,50,1.0,0.0,35.0,34.0,1.0,0.0,0.9714285714285714
42.0,186,9.0,30.0,90.0,98.0,-8.0,0.0,1.0888888888888888
42.0,194,0.0,0.0,0.0,0.0,0.0,0.0,0.0
42.0,68,0.0,16.0,52.0,66.0,-14.0,0.0,1.2692307692307692
42.0,74,0.0,3.0,9.0,9.0,0.0,0.0,1.0
42.0,75,12.0,0.0,21.0,8.0,13.0,2.0,0.38095238095238093
42.0,79,3.0,1.0,56.0,56.0,0.0,0.0,1.0
42.0,209,5.0,0.0,8.0,4.0,4.0,1.0,0.5
42.0,211,1.0,7.0,15.0,18.0,-3.0,0.0,1.2
42.0,87,2.0,0.0,14.0,14.0,0.0,1.0,1.0
42.0,88,5.0,0.0,14.0,8.0,6.0,2.0,0.5714285714285714
42.0,90,2.0,13.0,47.0,47.0,0.0,0.0,1.0
42.0,224,0.0,2.0,6.0,11.0,-5.0,0.0,1.8333333333333333
42.0,100,13.0,15.0,63.0,51.0,12.0,0.0,0.8095238095238095
42.0,229,7.0,24.0,64.0,57.0,7.0,0.0,0.890625
42.0,230,6.0,26.0,97.0,91.0,6.0,0.0,0.9381443298969072
42.0,231,0.0,5.0,40.0,54.0,-14.0,0.0,1.35
42.0,232,0.0,2.0,2.0,1.0,1.0,3.0,0.5
42.0,233,0.0,3.0,45.0,45.0,0.0,0.0,1.0
42.0,234,20.0,0.0,73.0,60.0,13.0,0.0,0.821917808219178
42.0,107,13.0,8.0,46.0,50.0,-4.0,0.0,1.0869565217391304
42.0,236,14.0,0.0,143.0,143.0,0.0,0.0,1.0
42.0,237,21.0,0.0,141.0,143.0,-2.0,0.0,1.0141843971631206
42.0,238,3.0,9.0,89.0,89.0,0.0,0.0,1.0
42.0,239,13.0,0.0,97.0,88.0,9.0,0.0,0.9072164948453608
42.0,113,6.0,0.0,41.0,39.0,2.0,0.0,0.9512195121951219
42.0,114,0.0,4.0,18.0,17.0,1.0,3.0,0.9444444444444444
42.0,243,0.0,0.0,0.0,0.0,0.0,1.0,0.0
42.0,116,1.0,0.0,3.0,1.0,2.0,2.0,0.3333333333333333
42.0,244,0.0,0.0,0.0,1.0,-1.0,0.0,0.0
42.0,246,5.0,0.0,25.0,29.0,-4.0,4.0,1.16
42.0,120,0.0,0.0,0.0,0.0,0.0,0.0,0.0
42.0,249,5.0,6.0,45.0,41.0,4.0,0.0,0.9111111111111111
42.0,125,6.0,0.0,17.0,10.0,7.0,1.0,0.5882352941176471
42.0,127,0.0,0.0,0.0,0.0,0.0,0.0,0.0
43.0,128,0.0,0.0,0.0,0.0,0.0,0.0,0.0
43.0,4,1.0,3.0,9.0,8.0,1.0,0.0,0.8888888888888888
43.0,261,5.0,0.0,22.0,21.0,1.0,3.0,0.9545454545454546
43.0,262,14.0,0.0,54.0,40.0,14.0,0.0,0.7407407407407407
43.0,263,21.0,24.0,69.0,57.0,12.0,0.0,0.8260869565217391
43.0,137,1.0,8.0,38.0,37.0,1.0,0.0,0.9736842105263158
43.0,12,3.0,0.0,8.0,2.0,6.0,4.0,0.25
43.0,13,8.0,0.0,29.0,17.0,12.0,13.0,0.5862068965517241
43.0,140,0.0,31.0,65.0,64.0,1.0,0.0,0.9846153846153847
43.0,141,2.0,5.0,71.0,80.0,-9.0,0.0,1.1267605633802817
43.0,142,0.0,26.0,82.0,96.0,-14.0,0.0,1.170731707317073
43.0,143,5.0,18.0,45.0,40.0,5.0,0.0,0.8888888888888888
43.0,144,5.0,0.0,15.0,8.0,7.0,2.0,0.5333333333333333
43.0,148,4.0,3.0,13.0,10.0,3.0,0.0,0.7692307692307693
43.0,151,1.0,0.0,31.0,32.0,-1.0,0.0,1.032258064516129
43.0,24,1.0,3.0,7.0,9.0,-2.0,0.0,1.2857142857142858
43.0,152,3.0,0.0,3.0,0.0,3.0,0.0,0.0
43.0,158,4.0,0.0,19.0,19.0,0.0,1.0,1.0
43.0,161,0.0,13.0,105.0,105.0,0.0,0.0,1.0
43.0,162,0.0,17.0,99.0,99.0,0.0,0.0,1.0
43.0,163,3.0,5.0,94.0,95.0,-1.0,0.0,1.0106382978723405
43.0,164,7.0,26.0,72.0,65.0,7.0,0.0,0.9027777777777778
43.0,166,0.0,2.0,10.0,10.0,0.0,0.0,1.0
43.0,41,0.0,3.0,7.0,9.0,-2.0,0.0,1.2857142857142858
43.0,42,0.0,0.0,3.0,0.0,3.0,3.0,0.0
43.0,43,0.0,6.0,39.0,49.0,-10.0,0.0,1.2564102564102564
43.0,170,13.0,35.0,101.0,88.0,13.0,0.0,0.8712871287128713
43.0,45,1.0,0.0,6.0,5.0,1.0,3.0,0.8333333333333334
43.0,48,2.0,7.0,89.0,86.0,3.0,0.0,0.9662921348314607
43.0,50,0.0,12.0,22.0,22.0,0.0,0.0,1.0
43.0,186,10.0,37.0,98.0,94.0,4.0,0.0,0.9591836734693877
43.0,194,0.0,0.0,0.0,0.0,0.0,0.0,0.0
43.0,68,2.0,18.0,57.0,55.0,2.0,0.0,0.9649122807017544
43.0,74,2.0,4.0,6.0,4.0,2.0,0.0,0.6666666666666666
43.0,75,5.0,0.0,25.0,20.0,5.0,10.0,0.8
43.0,79,5.0,10.0,51.0,47.0,4.0,0.0,0.9215686274509803
43.0,209,3.0,0.0,4.0,1.0,3.0,3.0,0.25
43.0,211,2.0,3.0,16.0,15.0,1.0,0.0,0.9375
43.0,87,3.0,0.0,13.0,12.0,1.0,0.0,0.9230769230769231
43.0,88,0.0,6.0,8.0,10.0,-2.0,3.0,1.25
43.0,90,12.0,21.0,53.0,43.0,10.0,0.0,0.8113207547169812
43.0,224,2.0,0.0,16.0,11.0,5.0,3.0,0.6875
43.0,100,9.0,21.0,63.0,65.0,-2.0,0.0,1.0317460317460319
43.0,229,8.0,22.0,51.0,49.0,2.0,0.0,0.9607843137254902
43.0,230,6.0,32.0,91.0,87.0,4.0,0.0,0.9560439560439561
43.0,231,8.0,8.0,43.0,35.0,8.0,0.0,0.813953488372093
43.0,232,1.0,0.0,1.0,0.0,1.0,0.0,0.0
43.0,233,5.0,8.0,46.0,41.0,5.0,0.0,0.8913043478260869
43.0,234,12.0,19.0,53.0,57.0,-4.0,0.0,1.0754716981132075
43.0,107,13.0,0.0,53.0,50.0,3.0,0.0,0.9433962264150944
43.0,236,0.0,37.0,122.0,131.0,-9.0,0.0,1.0737704918032787
43.0,237,0.0,6.0,129.0,146.0,-17.0,0.0,1.1317829457364341
43.0,238,0.0,3.0,85.0,85.0,0.0,0.0,1.0
43.0,239,20.0,0.0,100.0,90.0,10.0,0.0,0.9
43.0,113,8.0,0.0,46.0,43.0,3.0,0.0,0.9347826086956522
43.0,114,0.0,2.0,7.0,7.0,0.0,0.0,1.0
43.0,243,0.0,0.0,0.0,0.0,0.0,0.0,0.0
43.0,116,0.0,1.0,0.0,0.0,0.0,1.0,0.0
43.0,244,1.0,0.0,2.0,1.0,1.0,0.0,0.5
43.0,246,1.0,2.0,27.0,31.0,-4.0,0.0,1.1481481481481481
43.0,120,0.0,0.0,0.0,0.0,0.0,0.0,0.0
43.0,249,0.0,9.0,37.0,38.0,-1.0,0.0,1.027027027027027
43.0,125,7.0,0.0,14.0,9.0,5.0,4.0,0.6428571428571429
43.0,127,0.0,0.0,0.0,0.0,0.0,0.0,0.0
44.0,128,0.0,0.0,0.0,0.0,0.0,0.0,0.0
44.0,4,1.0,0.0,5.0,5.0,0.0,0.0,1.0
44.0,261,6.0,0.0,32.0,28.0,4.0,2.0,0.875
44.0,262,28.0,0.0,63.0,47.0,16.0,0.0,0.746031746031746
44.0,263,13.0,0.0,60.0,65.0,-5.0,0.0,1.0833333333333333
44.0,137,0.0,17.0,34.0,34.0,0.0,0.0,1.0
44.0,12,1.0,4.0,2.0,3.0,-1.0,1.0,1.5
44.0,13,3.0,0.0,22.0,25.0,-3.0,2.0,1.1363636363636365
44.0,140,2.0,22.0,86.0,84.0,2.0,0.0,0.9767441860465116
44.0,141,0.0,19.0,88.0,88.0,0.0,0.0,1.0
44.0,142,3.0,17.0,88.0,85.0,3.0,0.0,0.9659090909090909
44.0,143,0.0,0.0,45.0,49.0,-4.0,0.0,1.0888888888888888
44.0,144,0.0,2.0,11.0,14.0,-3.0,1.0,1.2727272727272727
44.0,148,0.0,1.0,14.0,16.0,-2.0,2.0,1.1428571428571428
44.0,151,3.0,0.0,23.0,20.0,3.0,0.0,0.8695652173913043
44.0,24,0.0,0.0,10.0,7.0,3.0,4.0,0.7
44.0,152,0.0,0.0,3.0,1.0,2.0,5.0,0.3333333333333333
44.0,158,5.0,3.0,26.0,22.0,4.0,0.0,0.8461538461538461
44.0,161,22.0,53.0,116.0,94.0,22.0,0.0,0.8103448275862069
44.0,162,0.0,15.0,101.0,101.0,0.0,0.0,1.0
44.0,163,16.0,0.0,124.0,109.0,15.0,0.0,0.8790322580645161
44.0,164,7.0,19.0,82.0,80.0,2.0,0.0,0.975609756097561
44.0,166,0.0,0.0,13.0,11.0,2.0,2.0,0.8461538461538461
44.0,41,0.0,2.0,6.0,6.0,0.0,0.0,1.0
44.0,42,0.0,0.0,1.0,1.0,0.0,0.0,1.0
44.0,43,9.0,12.0,39.0,30.0,9.0,0.0,0.7692307692307693
44.0,170,0.0,35.0,110.0,118.0,-8.0,0.0,1.0727272727272728
44.0,45,2.0,1.0,5.0,4.0,1.0,0.0,0.8
44.0,48,0.0,5.0,79.0,79.0,0.0,0.0,1.0
44.0,50,10.0,5.0,24.0,14.0,10.0,0.0,0.5833333333333334
44.0,186,0.0,32.0,104.0,109.0,-5.0,0.0,1.0480769230769231
44.0,194,0.0,0.0,0.0,0.0,0.0,0.0,0.0
44.0,68,9.0,17.0,57.0,48.0,9.0,0.0,0.8421052631578947
44.0,74,6.0,2.0,8.0,4.0,4.0,0.0,0.5
44.0,75,1.0,0.0,28.0,23.0,5.0,8.0,0.8214285714285714
44.0,79,0.0,13.0,43.0,45.0,-2.0,0.0,1.0465116279069768
44.0,209,0.0,2.0,7.0,1.0,6.0,8.0,0.14285714285714285
44.0,211,1.0,0.0,13.0,14.0,-1.0,0.0,1.0769230769230769
44.0,87,4.0,0.0,20.0,11.0,9.0,7.0,0.55
44.0,88,3.0,0.0,7.0,4.0,3.0,0.0,0.5714285714285714
44.0,90,4.0,8.0,35.0,40.0,-5.0,0.0,1.1428571428571428
44.0,224,0.0,0.0,14.0,14.0,0.0,0.0,1.0
44.0,100,0.0,9.0,61.0,69.0,-8.0,0.0,1.1311475409836065
44.0,229,2.0,4.0,62.0,68.0,-6.0,0.0,1.096774193548387
44.0,230,15.0,31.0,103.0,92.0,11.0,0.0,0.8932038834951457
44.0,231,0.0,1.0,31.0,34.0,-3.0,0.0,1.096774193548387
44.0,232,1.0,0.0,1.0,0.0,1.0,1.0,0.0
44.0,233,5.0,15.0,38.0,38.0,0.0,0.0,1.0
44.0,234,7.0,7.0,58.0,61.0,-3.0,0.0,1.0517241379310345
44.0,107,5.0,0.0,61.0,65.0,-4.0,4.0,1.0655737704918034
44.0,236,13.0,49.0,150.0,137.0,13.0,0.0,0.9133333333333333
44.0,237,7.0,0.0,139.0,132.0,7.0,0.0,0.9496402877697842
44.0,238,17.0,9.0,83.0,66.0,17.0,0.0,0.7951807228915663
44.0,239,19.0,13.0,83.0,78.0,5.0,0.0,0.9397590361445783
44.0,113,17.0,0.0,46.0,34.0,12.0,0.0,0.7391304347826086
44.0,114,0.0,1.0,12.0,12.0,0.0,0.0,1.0
44.0,243,0.0,0.0,0.0,0.0,0.0,0.0,0.0
44.0,116,0.0,0.0,2.0,0.0,2.0,2.0,0.0
44.0,244,0.0,0.0,0.0,0.0,0.0,0.0,0.0
44.0,246,2.0,15.0,28.0,27.0,1.0,0.0,0.9642857142857143
44.0,120,0.0,0.0,0.0,0.0,0.0,0.0,0.0
44.0,249,0.0,1.0,32.0,32.0,0.0,0.0,1.0
44.0,125,2.0,0.0,14.0,12.0,2.0,6.0,0.8571428571428571
44.0,127,0.0,0.0,0.0,0.0,0.0,0.0,0.0
45.0,128,0.0,0.0,0.0,0.0,0.0,0.0,0.0
45.0,4,0.0,0.0,7.0,5.0,2.0,3.0,0.7142857142857143
45.0,261,4.0,2.0,22.0,23.0,-1.0,0.0,1.0454545454545454
45.0,262,12.0,0.0,37.0,45.0,-8.0,3.0,1.2162162162162162
45.0,263,8.0,0.0,64.0,53.0,11.0,15.0,0.828125
45.0,137,7.0,8.0,33.0,26.0,7.0,0.0,0.7878787878787878
45.0,12,0.0,1.0,0.0,1.0,-1.0,0.0,0.0
45.0,13,2.0,0.0,19.0,20.0,-1.0,0.0,1.0526315789473684
45.0,140,1.0,25.0,92.0,91.0,1.0,0.0,0.9891304347826086
45.0,141,8.0,20.0,102.0,94.0,8.0,0.0,0.9215686274509803
45.0,142,7.0,25.0,88.0,83.0,5.0,0.0,0.9431818181818182
45.0,143,5.0,7.0,50.0,45.0,5.0,0.0,0.9
45.0,144,2.0,5.0,13.0,11.0,2.0,0.0,0.8461538461538461
45.0,148,0.0,6.0,9.0,9.0,0.0,0.0,1.0
45.0,151,6.0,0.0,21.0,17.0,4.0,0.0,0.8095238095238095
45.0,24,0.0,0.0,10.0,7.0,3.0,3.0,0.7
45.0,152,0.0,0.0,0.0,0.0,0.0,0.0,0.0
45.0,158,3.0,1.0,11.0,11.0,0.0,0.0,1.0
45.0,161,9.0,42.0,109.0,119.0,-10.0,0.0,1.091743119266055
45.0,162,6.0,23.0,91.0,85.0,6.0,0.0,0.9340659340659341
45.0,163,4.0,9.0,79.0,89.0,-10.0,0.0,1.1265822784810127
45.0,164,7.0,24.0,58.0,56.0,2.0,0.0,0.9655172413793104
45.0,166,4.0,2.0,16.0,12.0,4.0,0.0,0.75
45.0,41,0.0,0.0,5.0,5.0,0.0,0.0,1.0
45.0,42,2.0,0.0,2.0,0.0,2.0,0.0,0.0
45.0,43,11.0,12.0,29.0,27.0,2.0,0.0,0.9310344827586207
45.0,170,0.0,32.0,95.0,95.0,0.0,0.0,1.0
45.0,45,1.0,5.0,4.0,4.0,0.0,1.0,1.0
45.0,48,16.0,33.0,90.0,74.0,16.0,0.0,0.8222222222222222
45.0,50,7.0,0.0,33.0,27.0,6.0,7.0,0.8181818181818182
45.0,186,12.0,35.0,141.0,129.0,12.0,0.0,0.9148936170212766
45.0,194,0.0,0.0,0.0,0.0,0.0,0.0,0.0
45.0,68,0.0,6.0,73.0,80.0,-7.0,0.0,1.095890410958904
45.0,74,7.0,1.0,12.0,5.0,7.0,6.0,0.4166666666666667
45.0,75,0.0,5.0,24.0,24.0,0.0,0.0,1.0
45.0,79,2.0,14.0,39.0,37.0,2.0,0.0,0.9487179487179487
45.0,209,0.0,2.0,6.0,6.0,0.0,0.0,1.0
45.0,211,4.0,0.0,23.0,16.0,7.0,4.0,0.6956521739130435
45.0,87,1.0,0.0,11.0,9.0,2.0,2.0,0.8181818181818182
45.0,88,4.0,0.0,10.0,9.0,1.0,0.0,0.9
45.0,90,8.0,0.0,48.0,43.0,5.0,0.0,0.8958333333333334
45.0,224,1.0,2.0,8.0,7.0,1.0,0.0,0.875
45.0,100,0.0,11.0,54.0,54.0,0.0,0.0,1.0
45.0,229,12.0,23.0,62.0,51.0,11.0,0.0,0.8225806451612904
45.0,230,0.0,17.0,86.0,100.0,-14.0,0.0,1.1627906976744187
45.0,231,5.0,0.0,34.0,29.0,5.0,0.0,0.8529411764705882
45.0,232,1.0,0.0,0.0,0.0,0.0,0.0,0.0
45.0,233,5.0,9.0,43.0,42.0,1.0,0.0,0.9767441860465116
45.0,234,8.0,0.0,91.0,86.0,5.0,0.0,0.945054945054945
45.0,107,13.0,10.0,60.0,52.0,8.0,0.0,0.8666666666666667
45.0,236,16.0,48.0,170.0,162.0,8.0,0.0,0.9529411764705882
45.0,237,11.0,9.0,140.0,133.0,7.0,0.0,0.95
45.0,238,0.0,2.0,66.0,77.0,-11.0,0.0,1.1666666666666667
45.0,239,5.0,2.0,95.0,106.0,-11.0,0.0,1.1157894736842104
45.0,113,20.0,8.0,46.0,35.0,11.0,6.0,0.7608695652173914
45.0,114,4.0,1.0,14.0,10.0,4.0,0.0,0.7142857142857143
45.0,243,1.0,0.0,2.0,0.0,2.0,1.0,0.0
45.0,116,0.0,1.0,0.0,0.0,0.0,0.0,0.0
45.0,244,0.0,0.0,2.0,0.0,2.0,2.0,0.0
45.0,246,1.0,4.0,26.0,27.0,-1.0,0.0,1.0384615384615385
45.0,120,0.0,0.0,0.0,0.0,0.0,0.0,0.0
45.0,249,3.0,9.0,30.0,27.0,3.0,0.0,0.9
45.0,125,1.0,0.0,10.0,10.0,0.0,0.0,1.0
45.0,127,0.0,0.0,0.0,0.0,0.0,0.0,0.0
46.0,128,0.0,0.0,0.0,0.0,0.0,0.0,0.0
46.0,4,3.0,2.0,6.0,3.0,3.0,0.0,0.5
46.0,261,9.0,0.0,35.0,29.0,6.0,0.0,0.8285714285714286
46.0,262,14.0,0.0,52.0,43.0,9.0,5.0,0.8269230769230769
46.0,263,5.0,0.0,51.0,53.0,-2.0,0.0,1.0392156862745099
46.0,137,0.0,6.0,33.0,38.0,-5.0,0.0,1.1515151515151516
46.0,12,4.0,0.0,7.0,0.0,7.0,3.0,0.0
46.0,13,5.0,0.0,26.0,12.0,14.0,10.0,0.46153846153846156
46.0,140,0.0,15.0,79.0,79.0,0.0,0.0,1.0
46.0,141,0.0,1.0,80.0,83.0,-3.0,0.0,1.0375
46.0,142,1.0,35.0,76.0,76.0,0.0,0.0,1.0
46.0,143,2.0,11.0,40.0,42.0,-2.0,0.0,1.05
46.0,144,0.0,0.0,13.0,13.0,0.0,0.0,1.0
46.0,148,2.0,5.0,11.0,9.0,2.0,0.0,0.8181818181818182
46.0,151,13.0,0.0,34.0,23.0,11.0,4.0,0.6764705882352942
46.0,24,0.0,2.0,6.0,6.0,0.0,0.0,1.0
46.0,152,0.0,0.0,2.0,1.0,1.0,1.0,0.5
46.0,158,4.0,0.0,14.0,13.0,1.0,0.0,0.9285714285714286
46.0,161,10.0,45.0,126.0,122.0,4.0,0.0,0.9682539682539683
46.0,162,9.0,15.0,100.0,92.0,8.0,0.0,0.92
46.0,163,0.0,1.0,87.0,87.0,0.0,0.0,1.0
46.0,164,9.0,27.0,64.0,59.0,5.0,0.0,0.921875
46.0,166,3.0,4.0,6.0,5.0,1.0,0.0,0.8333333333333334
46.0,41,0.0,1.0,6.0,6.0,0.0,0.0,1.0
46.0,42,0.0,1.0,2.0,2.0,0.0,1.0,1.0
46.0,43,5.0,0.0,33.0,36.0,-3.0,2.0,1.0909090909090908
46.0,170,0.0,27.0,114.0,114.0,0.0,0.0,1.0
46.0,45,1.0,4.0,2.0,2.0,0.0,0.0,1.0
46.0,48,6.0,31.0,81.0,88.0,-7.0,0.0,1.0864197530864197
46.0,50,3.0,0.0,26.0,22.0,4.0,7.0,0.8461538461538461
46.0,186,5.0,38.0,104.0,103.0,1.0,0.0,0.9903846153846154
46.0,194,0.0,0.0,0.0,0.0,0.0,0.0,0.0
46.0,68,7.0,32.0,64.0,57.0,7.0,0.0,0.890625
46.0,74,0.0,0.0,7.0,7.0,0.0,6.0,1.0
46.0,75,8.0,7.0,23.0,15.0,8.0,0.0,0.6521739130434783
46.0,79,3.0,13.0,40.0,37.0,3.0,0.0,0.925
46.0,209,1.0,0.0,4.0,3.0,1.0,0.0,0.75
46.0,211,3.0,3.0,18.0,17.0,1.0,2.0,0.9444444444444444
46.0,87,9.0,0.0,23.0,13.0,10.0,1.0,0.5652173913043478
46.0,88,4.0,1.0,9.0,5.0,4.0,4.0,0.5555555555555556
46.0,90,9.0,0.0,46.0,44.0,2.0,0.0,0.9565217391304348
46.0,224,4.0,0.0,9.0,6.0,3.0,0.0,0.6666666666666666
46.0,100,1.0,21.0,58.0,57.0,1.0,0.0,0.9827586206896551
46.0,229,12.0,12.0,55.0,53.0,2.0,0.0,0.9636363636363636
46.0,230,2.0,25.0,83.0,81.0,2.0,0.0,0.9759036144578314
46.0,231,12.0,0.0,36.0,28.0,8.0,0.0,0.7777777777777778
46.0,232,1.0,0.0,1.0,0.0,1.0,1.0,0.0
46.0,233,0.0,7.0,45.0,46.0,-1.0,0.0,1.0222222222222221
46.0,234,21.0,30.0,85.0,70.0,15.0,0.0,0.8235294117647058
46.0,107,9.0,8.0,53.0,55.0,-2.0,0.0,1.0377358490566038
46.0,236,0.0,27.0,166.0,172.0,-6.0,0.0,1.036144578313253
46.0,237,0.0,4.0,118.0,126.0,-8.0,0.0,1.0677966101694916
46.0,238,2.0,0.0,56.0,54.0,2.0,0.0,0.9642857142857143
46.0,239,18.0,29.0,74.0,56.0,18.0,0.0,0.7567567567567568
46.0,113,7.0,9.0,36.0,46.0,-10.0,2.0,1.2777777777777777
46.0,114,2.0,1.0,15.0,13.0,2.0,4.0,0.8666666666666667
46.0,243,1.0,0.0,1.0,0.0,1.0,1.0,0.0
46.0,116,1.0,0.0,2.0,1.0,1.0,0.0,0.5
46.0,244,0.0,1.0,0.0,0.0,0.0,0.0,0.0
46.0,246,1.0,0.0,28.0,27.0,1.0,0.0,0.9642857142857143
46.0,120,0.0,0.0,0.0,0.0,0.0,0.0,0.0
46.0,249,3.0,0.0,37.0,37.0,0.0,0.0,1.0
46.0,125,2.0,0.0,17.0,13.0,4.0,3.0,0.7647058823529411
46.0,127,0.0,0.0,0.0,0.0,0.0,0.0,0.0
47.0,128,0.0,0.0,0.0,0.0,0.0,0.0,0.0
47.0,4,0.0,1.0,5.0,6.0,-1.0,2.0,1.2
47.0,261,2.0,0.0,29.0,25.0,4.0,10.0,0.8620689655172413
47.0,262,14.0,0.0,58.0,56.0,2.0,1.0,0.9655172413793104
47.0,263,13.0,0.0,65.0,55.0,10.0,0.0,0.8461538461538461
47.0,137,8.0,0.0,42.0,34.0,8.0,0.0,0.8095238095238095
47.0,12,0.0,0.0,7.0,2.0,5.0,8.0,0.2857142857142857
47.0,13,6.0,0.0,26.0,22.0,4.0,2.0,0.8461538461538461
47.0,140,0.0,10.0,79.0,78.0,1.0,0.0,0.9873417721518988
47.0,141,3.0,10.0,63.0,60.0,3.0,0.0,0.9523809523809523
47.0,142,7.0,22.0,83.0,76.0,7.0,0.0,0.9156626506024096
47.0,143,8.0,17.0,48.0,41.0,7.0,0.0,0.8541666666666666
47.0,144,6.0,3.0,27.0,21.0,6.0,0.0,0.7777777777777778
47.0,148,0.0,2.0,18.0,20.0,-2.0,0.0,1.1111111111111112
47.0,151,7.0,0.0,31.0,23.0,8.0,13.0,0.7419354838709677
47.0,24,3.0,0.0,5.0,2.0,3.0,0.0,0.4
47.0,152,0.0,1.0,4.0,0.0,4.0,4.0,0.0
47.0,158,7.0,0.0,17.0,12.0,5.0,2.0,0.7058823529411765
47.0,161,0.0,36.0,113.0,121.0,-8.0,0.0,1.0707964601769913
47.0,162,13.0,24.0,111.0,105.0,6.0,0.0,0.9459459459459459
47.0,163,5.0,21.0,83.0,78.0,5.0,0.0,0.9397590361445783
47.0,164,0.0,15.0,57.0,64.0,-7.0,0.0,1.1228070175438596
47.0,166,7.0,0.0,14.0,6.0,8.0,3.0,0.42857142857142855
47.0,41,1.0,0.0,6.0,5.0,1.0,0.0,0.8333333333333334
47.0,42,0.0,0.0,2.0,2.0,0.0,0.0,1.0
47.0,43,9.0,0.0,53.0,40.0,13.0,8.0,0.7547169811320755
47.0,170,1.0,45.0,115.0,114.0,1.0,0.0,0.991304347826087
47.0,45,2.0,0.0,9.0,5.0,4.0,3.0,0.5555555555555556
47.0,48,0.0,24.0,59.0,60.0,-1.0,0.0,1.0169491525423728
47.0,50,0.0,4.0,21.0,22.0,-1.0,0.0,1.0476190476190477
47.0,186,0.0,39.0,108.0,110.0,-2.0,0.0,1.0185185185185186
47.0,194,0.0,0.0,0.0,0.0,0.0,0.0,0.0
47.0,68,1.0,24.0,44.0,49.0,-5.0,0.0,1.1136363636363635
47.0,74,5.0,0.0,14.0,5.0,9.0,4.0,0.35714285714285715
47.0,75,7.0,9.0,24.0,25.0,-1.0,0.0,1.0416666666666667
47.0,79,0.0,10.0,25.0,25.0,0.0,0.0,1.0
47.0,209,1.0,1.0,1.0,1.0,0.0,0.0,1.0
47.0,211,2.0,0.0,18.0,19.0,-1.0,0.0,1.0555555555555556
47.0,87,0.0,5.0,12.0,16.0,-4.0,5.0,1.3333333333333333
47.0,88,1.0,0.0,16.0,6.0,10.0,13.0,0.375
47.0,90,18.0,0.0,49.0,37.0,12.0,1.0,0.7551020408163265
47.0,224,4.0,0.0,12.0,8.0,4.0,4.0,0.6666666666666666
47.0,100,0.0,18.0,64.0,64.0,0.0,0.0,1.0
47.0,229,11.0,0.0,68.0,66.0,2.0,0.0,0.9705882352941176
47.0,230,15.0,44.0,107.0,92.0,15.0,0.0,0.8598130841121495
47.0,231,11.0,0.0,35.0,22.0,13.0,13.0,0.6285714285714286
47.0,232,1.0,3.0,3.0,0.0,3.0,3.0,0.0
47.0,233,5.0,15.0,26.0,21.0,5.0,0.0,0.8076923076923077
47.0,234,3.0,27.0,71.0,88.0,-17.0,0.0,1.2394366197183098
47.0,107,5.0,11.0,44.0,46.0,-2.0,0.0,1.0454545454545454
47.0,236,9.0,25.0,171.0,162.0,9.0,0.0,0.9473684210526315
47.0,237,0.0,2.0,119.0,119.0,0.0,0.0,1.0
47.0,238,9.0,0.0,70.0,63.0,7.0,0.0,0.9
47.0,239,10.0,8.0,101.0,107.0,-6.0,0.0,1.0594059405940595
47.0,113,8.0,9.0,36.0,34.0,2.0,0.0,0.9444444444444444
47.0,114,2.0,3.0,10.0,9.0,1.0,0.0,0.9
47.0,243,1.0,0.0,0.0,0.0,0.0,0.0,0.0
47.0,116,2.0,0.0,3.0,0.0,3.0,2.0,0.0
47.0,244,0.0,0.0,1.0,0.0,1.0,1.0,0.0
47.0,246,2.0,9.0,22.0,20.0,2.0,0.0,0.9090909090909091
47.0,120,0.0,0.0,0.0,0.0,0.0,0.0,0.0
47.0,249,1.0,9.0,25.0,27.0,-2.0,0.0,1.08
47.0,125,2.0,4.0,15.0,14.0,1.0,1.0,0.9333333333333333
47.0,127,0.0,0.0,0.0,0.0,0.0,0.0,0.0
